imu_ax, imu_ay, kf_ax, kf_ay, kf_vx, kf_w, kf_x, kf_y, stamp, 
-0.0813352209685148, -0.01188522062788967, -5.3908850742326124e-08, -0.0009001989327204207, -0.054193398002826645, -2.695442537116306e-09, 9.024792854967143e-05, 0.0, builtin_interfaces.msg.Time(sec=92, nanosec=167000000), 
-0.08385351513400893, 0.02043085666686623, -6.235576652725589e-08, -0.002685017041397953, -0.07265109346841848, -8.593142558444705e-09, 0.000268984744861939, -2.0816445649083688e-13, builtin_interfaces.msg.Time(sec=92, nanosec=201000000), 
-0.07592650526908015, -0.004506066964076908, -7.446385864923818e-08, -0.0038136722742606903, -0.07457191078498883, -1.557383257252305e-08, 0.00038200601935307215, -2.0200088036554607e-13, builtin_interfaces.msg.Time(sec=92, nanosec=269000000), 
-0.08173453217086118, 0.02797789443396198, 0.3125328961150145, -0.005346387446385709, -0.07889514083870028, 0.019303483986123728, 0.0003770932447944718, 1.2680486056375037e-12, builtin_interfaces.msg.Time(sec=92, nanosec=337000000), 
-0.16467924727177388, 0.16107679541423411, 0.6587532534206061, 0.005404049824812594, -0.1315531167573421, 0.0719524136558359, 0.0011348979343307895, 4.4817570760031016e-06, builtin_interfaces.msg.Time(sec=92, nanosec=439000000), 
-0.04077509635512426, 0.01644192504540204, 0.8694320613098913, 0.015164162806788683, -0.07510668552853089, 0.1508482318459897, 0.002927325892488942, 0.00010746029367691645, builtin_interfaces.msg.Time(sec=92, nanosec=541000000), 
-0.051781698522214814, 0.029794690540223462, 0.9447036652058245, 0.02669942577993329, -0.060379550945644664, 0.24244346988989143, 0.00554988766752615, 0.00046315426898594215, builtin_interfaces.msg.Time(sec=92, nanosec=711000000), 
-0.18446988927981092, 0.09469523962900243, 0.9740507607634579, 0.04259236562031373, -0.13663462386574912, 0.3387275861484441, 0.009670290275732425, 0.0013938816899508582, builtin_interfaces.msg.Time(sec=92, nanosec=813000000), 
-0.16570059525113745, 0.033837832436223535, 0.9923945064280397, 0.046414850463330826, -0.1542862192534179, 0.43726636800803026, 0.014764584415578527, 0.0031204047774708622, builtin_interfaces.msg.Time(sec=92, nanosec=881000000), 
-0.02165518059052011, 0.09674074335645802, 0.9970169716073786, 0.06105429185872423, -0.07187368668582916, 0.5367915027083733, 0.020468823233005307, 0.005696550730299634, builtin_interfaces.msg.Time(sec=92, nanosec=983000000), 
-0.039039270729240794, 0.0983447083294782, 0.9969077906925933, 0.07502659543472397, -0.05123843661407027, 0.6364864521174911, 0.026816300514136315, 0.009391383497976571, builtin_interfaces.msg.Time(sec=93, nanosec=85000000), 
-0.0960757566075288, 0.12192161423633865, 0.9969677814903012, 0.08658325980912339, -0.07864276340609716, 0.7361809388219496, 0.03377206822453722, 0.014444536087577085, builtin_interfaces.msg.Time(sec=93, nanosec=187000000), 
-0.16362931148422408, 0.1393577672752828, 0.9983243521947947, 0.09566802809481725, -0.1308352858903271, 0.8359615576513301, 0.04111485413905039, 0.02098984863256757, builtin_interfaces.msg.Time(sec=93, nanosec=289000000), 
-0.052139256801479114, 0.11005700874876162, 0.998571417869326, 0.10505065641089736, -0.0818575962462969, 0.9358092623692409, 0.048411427958041924, 0.028963899507899342, builtin_interfaces.msg.Time(sec=93, nanosec=391000000), 
0.07477367421739797, 0.024021874226349396, 0.9984493343061118, 0.11754653950000651, 0.015215969927931977, 1.03565885897702, 0.05527331133167637, 0.03820168947403575, builtin_interfaces.msg.Time(sec=93, nanosec=459000000), 
-0.0466510132307565, 0.1452381205363153, 0.9986925270274829, 0.13002858837231096, -0.02280161536523314, 1.1355188225443933, 0.06170790481745584, 0.048950848323529826, builtin_interfaces.msg.Time(sec=93, nanosec=561000000), 
-0.009744277880689593, 0.16184455188173555, 0.9990616786708773, 0.14038361477407257, -0.014523841280706062, 1.2354108900734035, 0.06754727972420177, 0.061402941439318584, builtin_interfaces.msg.Time(sec=93, nanosec=663000000), 
-0.0579828664903015, 0.18308808789822884, 0.9993995013877512, 0.1504163633624855, -0.04116531873283756, 1.3353379365326115, 0.07247139527340539, 0.07537344971690842, builtin_interfaces.msg.Time(sec=93, nanosec=765000000), 
-0.06903995279962181, 0.18261796507261116, 0.99963938728401, 0.15934795637728205, -0.05815664297949563, 1.4352927124351176, 0.07623006574448876, 0.09080804700207848, builtin_interfaces.msg.Time(sec=93, nanosec=867000000), 
-0.026257386400747148, 0.2571453790052675, 0.9995434517523893, 0.16889147039689018, -0.03819741752774787, 1.5352507220215916, 0.07855243314487723, 0.10746717403772094, builtin_interfaces.msg.Time(sec=93, nanosec=969000000), 
-0.002396163828897806, 0.30081691899142826, 0.9995972920853778, 0.17950240628089983, -0.01584442467755345, 1.6352083947124059, 0.07922818864889201, 0.1251655777361035, builtin_interfaces.msg.Time(sec=94, nanosec=71000000), 
-0.05153730041117395, 0.22748840661099323, 0.9998602729291264, 0.19013988384084582, -0.03767766898159439, 1.7351843770309263, 0.07807354849437927, 0.14388681513993354, builtin_interfaces.msg.Time(sec=94, nanosec=139000000), 
-0.16132800195250074, 0.3504477482043839, 1.0002988640430417, 0.19837388438812925, -0.11382971929615278, 1.8351975107453953, 0.07487718375772956, 0.16358316901857972, builtin_interfaces.msg.Time(sec=94, nanosec=241000000), 
0.09489223471953384, 0.3051330823997351, 1.0242315227141088, 0.20783593133935588, 0.015413410807407615, 1.9367065167996864, 0.0694848379088046, 0.18363346047361867, builtin_interfaces.msg.Time(sec=94, nanosec=343000000), 
-0.047442525284582156, 0.2871397303294328, 1.034910718198471, 0.21906958424341721, -0.023236413444440378, 2.039789679649281, 0.0618451587397387, 0.20370985566087485, builtin_interfaces.msg.Time(sec=94, nanosec=445000000), 
-0.15557947459262667, 0.344615944358223, 1.0354937579126435, 0.22725842903726864, -0.10478165808353188, 2.143316785305143, 0.05161369713532729, 0.22405190680961592, builtin_interfaces.msg.Time(sec=94, nanosec=547000000), 
-0.0522233678975183, 0.3209543816229986, 1.0372952839175549, 0.23549853380089594, -0.07200809517376353, 2.246977501526673, 0.038780979357039384, 0.24407415895758897, builtin_interfaces.msg.Time(sec=94, nanosec=649000000), 
-0.10898277757956694, 0.36018739533849725, 1.04024823823266, 0.2449434767377178, -0.09455771433683383, 2.3508895325318244, 0.023424169697146953, 0.2633284505007813, builtin_interfaces.msg.Time(sec=94, nanosec=751000000), 
-0.07437355990342628, 0.3065996777593689, 1.0430435496842756, 0.2544491369711458, -0.08177154065032977, 2.4550871161037144, 0.005454219361399984, 0.2815880215885989, builtin_interfaces.msg.Time(sec=94, nanosec=853000000), 
0.06089947889307948, 0.2777748879673577, 1.0080991470301834, 0.26770759414626527, 0.0066941683750457864, 2.557231788216463, -0.015021854904562114, 0.29843570041636985, builtin_interfaces.msg.Time(sec=94, nanosec=921000000), 
-0.10634796345964596, 0.3414068272644959, 1.0077658427571934, 0.2795715379527445, -0.06292087152203261, 2.6580211035825507, -0.038041223248964515, 0.3137410980286988, builtin_interfaces.msg.Time(sec=95, nanosec=23000000), 
-0.09235091797942459, 0.20362088972624381, 1.0078430007745838, 0.2884081991930917, -0.08083733707078974, 2.7588024564859954, -0.06362514504186127, 0.3272482317920195, builtin_interfaces.msg.Time(sec=95, nanosec=125000000), 
-0.23113864014329424, 0.39043858536118725, 1.0251237246285354, 0.2936771528275785, -0.17342381425103545, 2.860654764032648, -0.09133770582700272, 0.3384945015017455, builtin_interfaces.msg.Time(sec=95, nanosec=227000000), 
-0.09794976003969427, 0.3794432161985532, 1.0293860691003927, 0.3019297195304805, -0.1263825853476579, 2.963430563871038, -0.12091309118814134, 0.3471134090645039, builtin_interfaces.msg.Time(sec=95, nanosec=329000000), 
0.01485873629863826, 0.5022660131792503, 1.040165084066383, 0.3135506002868773, -0.038751765182231154, 3.0670353505424996, -0.15184367104130778, 0.35274693223595266, builtin_interfaces.msg.Time(sec=95, nanosec=431000000), 
0.03403082331747486, 0.3803628134936605, 1.044615624947191, 0.32664888298626654, 0.006480965007577111, 3.171326917502404, -0.18402081145356938, 0.3552003479263283, builtin_interfaces.msg.Time(sec=95, nanosec=533000000), 
-0.20596861131118635, 0.3539999109240329, 1.0462642219338167, 0.33639561660458034, -0.12455529040135732, 3.2758903688942715, -0.2175833385895262, 0.3542823746170696, builtin_interfaces.msg.Time(sec=95, nanosec=601000000), 
-0.037898905451859796, 0.4215411138193919, 1.0268817776584425, 0.3460452396989411, -0.0706680935347985, 3.37931889015293, -0.2521237550819674, 0.34968347622690565, builtin_interfaces.msg.Time(sec=95, nanosec=703000000), 
-0.03431876304431351, 0.41679195345131675, 1.0092681104269579, 0.35736578799646207, -0.04790943156145863, 3.4809184834172155, -0.28680253294240454, 0.34134559431423006, builtin_interfaces.msg.Time(sec=95, nanosec=805000000), 
0.09952164046230802, 0.45601452721834673, 1.0352487845209049, 0.3688080301219334, 0.04340729375001612, 3.583450988423981, -0.3212148525021144, 0.32923149461572876, builtin_interfaces.msg.Time(sec=95, nanosec=907000000), 
0.031898105469391806, 0.39609094947900964, 1.0341527296097606, 0.38117784647801156, 0.03643660814127038, 3.686908126957209, -0.35502843252748556, 0.31327242919067555, builtin_interfaces.msg.Time(sec=96, nanosec=9000000), 
-0.07604926814782836, 0.5510596095838328, 1.0339695273211418, 0.3906370353202668, -0.032926323867533205, 3.790312077394067, -0.3881057770303288, 0.29325896842751165, builtin_interfaces.msg.Time(sec=96, nanosec=111000000), 
-0.0841621736910589, 0.4774858748178657, 1.005148566476188, 0.3994288732167109, -0.06435992597281247, 3.8919277967871198, -0.41992491975804835, 0.26920601049148385, builtin_interfaces.msg.Time(sec=96, nanosec=213000000), 
-0.0214206787477133, 0.45373648105467046, 1.0017896022439474, 0.40874512272159436, -0.03757666053998949, 3.9922350580284864, -0.4498277668944184, 0.2413995056958873, builtin_interfaces.msg.Time(sec=96, nanosec=315000000), 
-0.03850011217935742, 0.4905595136531563, 1.0400256813693234, 0.41700627066903534, -0.03794270816318447, 4.094777137902482, -0.477303944045317, 0.21015072955702552, builtin_interfaces.msg.Time(sec=96, nanosec=383000000), 
-0.06469199572615271, 0.4429471600493313, 1.0440153720188672, 0.4264744947240378, -0.054235471740304145, 4.199026282482016, -0.5019930049962368, 0.17548912009477458, builtin_interfaces.msg.Time(sec=96, nanosec=485000000), 
-0.09175624577823033, 0.4981939176018924, 1.0455205690633425, 0.436090892456524, -0.0771495932012406, 4.3035208459772285, -0.5234767990099499, 0.13751649079291894, builtin_interfaces.msg.Time(sec=96, nanosec=587000000), 
-0.0679064205570623, 0.5048339693759953, 1.0185214825876145, 0.4471246844556714, -0.07112325533623856, 4.406404267572842, -0.5413284686676962, 0.09649349194173128, builtin_interfaces.msg.Time(sec=96, nanosec=689000000), 
0.19236119473739083, 0.33889476838350724, 1.0347398647701436, 0.45889673438793804, 0.09190323673209894, 4.509258766974738, -0.55502843198062, 0.05318206263275801, builtin_interfaces.msg.Time(sec=96, nanosec=791000000), 
-0.010409562721189685, 0.6669754910260857, 1.038123427635885, 0.47214008279977393, 0.028792389509797178, 4.6129418691371615, -0.5644067855387142, 0.007833747536803933, builtin_interfaces.msg.Time(sec=96, nanosec=893000000), 
-0.04600519259651027, 0.6503525563932693, 1.041811708520556, 0.48147823645040444, -0.017286517429822887, 4.716982160195428, -0.5691863902571724, -0.03965965942465743, builtin_interfaces.msg.Time(sec=96, nanosec=995000000), 
-0.09998082598396191, 0.5853220469793701, 1.0206773984915725, 0.48995334270791363, -0.06817814857068641, 4.819857158854815, -0.5690187086531641, -0.08856838249676718, builtin_interfaces.msg.Time(sec=97, nanosec=97000000), 
-0.04120129038433066, 0.6094024284209104, 1.0066460677492783, 0.4986609315794766, -0.051255754738619916, 4.92105771477336, -0.5637201049223485, -0.1381849697163769, builtin_interfaces.msg.Time(sec=97, nanosec=199000000), 
0.01563544941687183, 0.6213302137650217, 1.0011072102671235, 0.5098570937614325, -0.009672116502109147, 5.021380001330007, -0.5532533895359342, -0.18784558181086108, builtin_interfaces.msg.Time(sec=97, nanosec=267000000), 
-0.049794863524517695, 0.5967366345347185, 0.9964463353770828, 0.5204198666420015, -0.034252629480281134, 5.121202664446783, -0.5375633503296412, -0.23716725225269758, builtin_interfaces.msg.Time(sec=97, nanosec=369000000), 
0.02128815392667148, 0.6124646971863487, 0.9945056354858466, 0.5308371441581526, 0.00027983038904649815, 5.220727356135017, -0.5166130681723616, -0.285627683152422, builtin_interfaces.msg.Time(sec=97, nanosec=471000000), 
-0.09900243967682781, 0.618000697147573, 0.9924856411901491, 0.5406303932817511, -0.060862568816107875, 5.320053077170419, -0.49045414175527796, -0.3326928622071165, builtin_interfaces.msg.Time(sec=97, nanosec=573000000), 
0.003946679559902324, 0.6773930343309655, 0.9898713731371812, 0.5496686304428253, -0.020584910875622066, 5.41914007063819, -0.4591559650037509, -0.37777217157419934, builtin_interfaces.msg.Time(sec=97, nanosec=675000000), 
-0.15154568807204435, 0.6254508800446439, 1.0198077079575196, 0.5582270938304057, -0.10127479928091518, 5.5199773751936645, -0.42294906729967685, -0.4202756968950082, builtin_interfaces.msg.Time(sec=97, nanosec=777000000), 
-0.05726804242315711, 0.616144688319726, 1.0306631932169914, 0.5660071588124241, -0.07379571217675707, 5.622629051874889, -0.381912593006419, -0.45961018394667585, builtin_interfaces.msg.Time(sec=97, nanosec=845000000), 
0.014808152834986314, 0.6648815549429246, 1.0388233188344405, 0.5766798692877352, -0.018774774436561156, 5.726199694694993, -0.3364942314515952, -0.49496335203714836, builtin_interfaces.msg.Time(sec=97, nanosec=947000000), 
-0.11055595704155187, 0.6645310256581641, 1.0437884512060556, 0.5871193734848543, -0.07524178496362935, 5.830388888634867, -0.28680901876200027, -0.525983498365208, builtin_interfaces.msg.Time(sec=98, nanosec=49000000), 
-0.06292834877445477, 0.6528753606695517, 1.0176145377038028, 0.5975003558449593, -0.0673338452028766, 5.9331500969391735, -0.23307770783253837, -0.5521981693200843, builtin_interfaces.msg.Time(sec=98, nanosec=151000000), 
-0.07069422765983152, 0.6929285773582022, 0.999814794761394, 0.607914841615149, -0.06911759274352809, 6.033811466096612, -0.1759844596280503, -0.5731118947204146, builtin_interfaces.msg.Time(sec=98, nanosec=253000000), 
-0.24034131409980855, 0.6633758176270008, 1.0095068288551736, 0.6144762986735962, -0.17462193319347546, 6.1343919462217595, -0.11602029150440776, -0.5884726955796538, builtin_interfaces.msg.Time(sec=98, nanosec=355000000), 
-0.1880833954992947, 0.6294507186947688, 1.0297565729282272, 0.6213853227195103, -0.1825205273975699, 6.23659413211734, -0.0537707564862345, -0.597899384700458, builtin_interfaces.msg.Time(sec=98, nanosec=457000000), 
-0.4020558320805702, 0.7480956557664252, 1.0429107482513655, 0.6275327034067875, -0.31767236952254413, 6.340382762154531, 0.010148998793529726, -0.6010178912092246, builtin_interfaces.msg.Time(sec=98, nanosec=525000000), 
-0.05445618629839703, 0.6960859237306519, 1.0403646154560204, 0.6367299485907759, -0.154436398715094, 6.444516477318928, 0.07486540460531488, -0.5974140185729596, builtin_interfaces.msg.Time(sec=98, nanosec=627000000), 
-0.17264708571518333, 0.6436606334708962, 1.0191200776956786, 0.6504047156214147, -0.16518705727923969, 6.5472399542234125, 0.13951573823434865, -0.5870102022260619, builtin_interfaces.msg.Time(sec=98, nanosec=729000000), 
-0.03603124202749507, 0.7602742578066907, 1.0073434675895467, 0.6627218814391513, -0.08494146288258682, 6.648424127461196, 0.20381603958267, -0.5697117800967727, builtin_interfaces.msg.Time(sec=98, nanosec=831000000), 
-0.053610353898807674, 0.7574438308371775, 1.0021999848231546, 0.6757080371814344, -0.06522908025526067, 6.748840589503133, 0.26692045294801314, -0.5456610944726078, builtin_interfaces.msg.Time(sec=98, nanosec=933000000), 
-0.05531279490008817, 0.7676377362551733, 0.998301773706078, 0.6870307358033, -0.05880242935677709, 6.848819665288881, 0.32828548860072937, -0.5148971644749888, builtin_interfaces.msg.Time(sec=99, nanosec=35000000), 
-0.05038628463484096, 0.7952601863986407, 0.9960000342893329, 0.6977903201356139, -0.05332262408684357, 6.948507587340209, 0.3871669090128621, -0.4775892404833603, builtin_interfaces.msg.Time(sec=99, nanosec=137000000), 
-0.009277388514562546, 0.7997781227435533, 0.994150469723562, 0.7086973108169179, -0.02584811981175119, 7.047993281392539, 0.44281789640294916, -0.4339869671040372, builtin_interfaces.msg.Time(sec=99, nanosec=239000000), 
-0.0391044824651574, 0.8143748708912794, 0.9944411760370334, 0.7202111687973896, -0.03379459085513657, 7.147426295003142, 0.49462721501377316, -0.38434467168592895, builtin_interfaces.msg.Time(sec=99, nanosec=307000000), 
-0.0424403935101038, 0.8470646083089872, 0.9922198476034949, 0.7303120271404128, -0.038904476792774284, 7.246733126959636, 0.5419681429325449, -0.3289611933417997, builtin_interfaces.msg.Time(sec=99, nanosec=409000000), 
-0.01093400412889758, 0.8607060561983242, 0.9908411112954085, 0.7408208535300561, -0.02138764369935185, 7.345869901129993, 0.5841550419503133, -0.26832924993895924, builtin_interfaces.msg.Time(sec=99, nanosec=511000000), 
0.17239654871978652, 0.8231141360808677, 0.9901923731512223, 0.7534182345794205, 0.0985274029447975, 7.444913918037243, 0.6204918923034766, -0.20310956170703162, builtin_interfaces.msg.Time(sec=99, nanosec=613000000), 
-0.13482169148120363, 0.8433455304365899, 0.9892379878800995, 0.7643888395472573, -0.04555021438379889, 7.543874171098774, 0.6506889316476785, -0.13358427513117718, builtin_interfaces.msg.Time(sec=99, nanosec=715000000), 
-0.05835847612621486, 0.8648733283383694, 0.9862966889435062, 0.7710300428593359, -0.05326928840399061, 7.6426161876153955, 0.6742722328153725, -0.06013283066975251, builtin_interfaces.msg.Time(sec=99, nanosec=817000000), 
-0.15002180093887255, 0.8821923663163804, 0.9853039278387227, 0.7786080105945687, -0.11279618207856476, 7.741184500499199, 0.6907130769565344, 0.016169398193308565, builtin_interfaces.msg.Time(sec=99, nanosec=919000000), 
-0.07221202645282171, 0.8897272959495646, 0.9871181480361945, 0.7873558997958762, -0.08739458537961017, 7.839827018257583, 0.6996720467183485, 0.09467700174992882, builtin_interfaces.msg.Time(sec=99, nanosec=987000000), 
0.07395695357310517, 0.8998254751473496, 0.9937860735857379, 0.7994586493957706, 0.01259654625489276, 7.938950933523609, 0.7008446051312472, 0.17440834243043687, builtin_interfaces.msg.Time(sec=100, nanosec=89000000), 
-0.058685133687625804, 1.005766010455829, 0.996915810797933, 0.8113408720305614, -0.031240497877733878, 8.038522969279482, 0.694048032143464, 0.2548358834942158, builtin_interfaces.msg.Time(sec=100, nanosec=191000000), 
0.07836106338188314, 0.8317722207900976, 0.9968615638070473, 0.8222491466442632, 0.03667853773531324, 8.138211197710861, 0.6790655946032456, 0.3352608797825819, builtin_interfaces.msg.Time(sec=100, nanosec=293000000), 
-0.1322730889604493, 1.0127164483897537, 0.9938830694276204, 0.8317235179357667, -0.06755300578104537, 8.237713273015386, 0.6558833544660291, 0.41481395027148044, builtin_interfaces.msg.Time(sec=100, nanosec=395000000), 
0.2771216071313658, 1.0323187118512018, 1.0165458669767378, 0.8414686380312015, 0.14556914185096093, 8.3385022178747, 0.6245744736198461, 0.49233537065531385, builtin_interfaces.msg.Time(sec=100, nanosec=497000000), 
-0.11384589210496886, 0.9884108824151114, 1.0128096161270739, 0.8541441205272495, -0.01465554658099269, 8.439925891570814, 0.5852729031089038, 0.5670999129963069, builtin_interfaces.msg.Time(sec=100, nanosec=599000000), 
-0.0018215168284596932, 0.9593908594896962, 1.0015409967124906, 0.8620563758765094, -0.006571010758935842, 8.540510414203071, 0.5377620376302874, 0.6387439919737724, builtin_interfaces.msg.Time(sec=100, nanosec=701000000), 
-0.0005238170596672028, 0.9675074575685612, 0.9954299382774283, 0.8716663656874828, -0.0026623405268968014, 8.64028682969231, 0.4827576123440816, 0.7059208651847148, builtin_interfaces.msg.Time(sec=100, nanosec=803000000), 
-0.1717359709258228, 1.0494373537446724, 0.9927519809561911, 0.8799927567388985, -0.10692188764641673, 8.739664316655558, 0.42054137519016244, 0.7681186888710191, builtin_interfaces.msg.Time(sec=100, nanosec=905000000), 
-0.02162009170005877, 0.9486872753502406, 0.9935464899352825, 0.8887384327040273, -0.05391648686134312, 8.838988618106521, 0.3516244414076639, 0.8245050486657294, builtin_interfaces.msg.Time(sec=100, nanosec=973000000), 
-0.1833258760354317, 1.0991038252189815, 0.9933344149184752, 0.8980394290366701, -0.13357912425080198, 8.938330160143195, 0.2766843812250328, 0.8743228435053128, builtin_interfaces.msg.Time(sec=101, nanosec=75000000), 
-0.10021107526969233, 1.004023269054108, 0.9936393683582507, 0.9064393186589292, -0.11260418555784603, 9.037682448794119, 0.1962060195927264, 0.9169659095562358, builtin_interfaces.msg.Time(sec=101, nanosec=177000000), 
0.004941588286134252, 1.078986389589591, 1.011315634626941, 0.9171428872529188, -0.03964472030361617, 9.138138838964768, 0.11122928693801037, 0.9516697201065912, builtin_interfaces.msg.Time(sec=101, nanosec=279000000), 
0.014087526115118857, 1.0512489858317835, 1.0014889809885075, 0.9289635372480927, -0.006196055330845357, 9.238663081833039, 0.022431267662636242, 0.9778933122758644, builtin_interfaces.msg.Time(sec=101, nanosec=381000000), 
-0.007828159008539358, 1.0388473358282262, 0.9944175834388362, 0.9404787206783073, -0.006997735953350398, 9.338374943528525, -0.06958378464931739, 0.9952656638654847, builtin_interfaces.msg.Time(sec=101, nanosec=483000000), 
-0.08303061749751922, 0.9894392338629895, 0.9937718331449304, 0.95031404933312, -0.05377020526110602, 9.437776792309421, -0.1640439818228256, 1.0035026731026024, builtin_interfaces.msg.Time(sec=101, nanosec=585000000), 
-0.019061774698467093, 1.077660431387392, 0.998262244085341, 0.9595789423069956, -0.03208845842960382, 9.537431498282377, -0.2599047502034012, 1.0023037324317896, builtin_interfaces.msg.Time(sec=101, nanosec=687000000), 
0.04672619449342396, 1.070108292466755, 0.9985140827456254, 0.9707958693451508, 0.01682587835414983, 9.637273287176086, -0.3560038358536096, 0.9914694463430037, builtin_interfaces.msg.Time(sec=101, nanosec=789000000), 
0.0021995368017634328, 1.0957340788405874, 0.9997207616134279, 0.9826691468774167, 0.007967028555322395, 9.737199272306029, -0.4515411415411858, 0.9708988132589617, builtin_interfaces.msg.Time(sec=101, nanosec=857000000), 
-0.008807466246200013, 1.0897843759978083, 0.9987827173138615, 0.993000728774703, -0.0022294806202748374, 9.837113374141364, -0.5456442608862084, 0.940544429608123, builtin_interfaces.msg.Time(sec=101, nanosec=959000000), 
-0.01755994513480846, 1.1357883875062849, 1.0100457560679863, 0.9939579033915859, -0.011676225179918114, 9.937687739949416, -0.6367142832161012, 0.9007176523473602, builtin_interfaces.msg.Time(sec=102, nanosec=61000000), 
0.7007451281707707, 1.207179861125073, 1.0282216229905004, 1.0029829449234364, 0.42842795182724747, 10.039815645909526, -0.722772926524798, 0.8521263701510366, builtin_interfaces.msg.Time(sec=102, nanosec=163000000), 
-0.0104882638039006, 1.09218004202268, 1.007106279337766, 1.0113385986025174, 0.15680459166966948, 10.141332808202424, -0.8035464697104349, 0.7950164206424084, builtin_interfaces.msg.Time(sec=102, nanosec=265000000), 
-0.013232206108105753, 1.0771583322805658, 0.9936421624349584, 1.0074539631084385, 0.05147187876802016, 10.241211307948758, -0.8790960256169633, 0.7291622929666214, builtin_interfaces.msg.Time(sec=102, nanosec=367000000), 
-0.005501500534200492, 1.0789861584963942, 0.9875129465125142, 1.0029318421733038, 0.016125671736030495, 10.340196717815807, -0.9477316719268707, 0.6560928484562022, builtin_interfaces.msg.Time(sec=102, nanosec=469000000), 
-0.038333680566818525, 1.0541359605626157, 0.9863416477482022, 1.0000713259691436, -0.017579802377968842, 10.438875622222326, -1.0087407284894057, 0.5767199350989427, builtin_interfaces.msg.Time(sec=102, nanosec=571000000), 
0.10863447598615375, 1.030281444588942, 0.9860676957786321, 0.9997150195463226, 0.06038324554674296, 10.537492855834298, -1.061499600175419, 0.491908864401686, builtin_interfaces.msg.Time(sec=102, nanosec=639000000), 
-0.06227397232343533, 1.1192763619004573, 0.9850608131365485, 0.9999560249008894, -0.01545794483629817, 10.636037396642612, -1.1056469065224335, 0.4023797798971478, builtin_interfaces.msg.Time(sec=102, nanosec=741000000), 
-0.013558352789731205, 1.0815408179773427, 0.98617648269051, 0.9984313958357134, -0.014284558301293418, 10.734612430126724, -1.1408284881620039, 0.3087795611934977, builtin_interfaces.msg.Time(sec=102, nanosec=843000000), 
-0.04373967632280202, 1.1029913467154315, 0.9868681476077457, 0.9962770050735819, -0.03248587453595798, 10.833272825638543, -1.1665934420401163, 0.21231306279756806, builtin_interfaces.msg.Time(sec=102, nanosec=945000000), 
0.019759529533044166, 1.076013225038173, 1.0053445102494845, 0.9947038980227445, -0.00019507792083511138, 10.933101542409425, -1.1826903536861941, 0.11397902538989929, builtin_interfaces.msg.Time(sec=103, nanosec=47000000), 
-0.0051289129714065015, 1.102373891862092, 0.9948307811968146, 0.9974282270715398, -0.0031951786316266675, 11.032986209244067, -1.1889226208508925, 0.014527783986199, builtin_interfaces.msg.Time(sec=103, nanosec=149000000), 
-0.01701213379812588, 1.0550194752243547, 0.9823757813014485, 0.9985102989999941, -0.011703545491274508, 11.131699526037226, -1.1851958724199614, -0.08525420185951617, builtin_interfaces.msg.Time(sec=103, nanosec=217000000), 
0.027657425507585588, 1.0727304202565553, 0.9825688353553694, 0.9980596696955683, 0.012614679895278145, 11.22994903556407, -1.1716432188810642, -0.18415925577812717, builtin_interfaces.msg.Time(sec=103, nanosec=319000000), 
0.0319732404563628, 1.0724561438073121, 0.9883381652705062, 0.9987108521896705, 0.024558516383782023, 11.328562483297594, -1.1484749755170656, -0.2811673363448718, builtin_interfaces.msg.Time(sec=103, nanosec=421000000), 
-0.018997895154732634, 1.1010350382744074, 0.9923869678240183, 0.9987853692646634, -0.0023786877370769316, 11.427646529583825, -1.115854117232887, -0.3754837168056011, builtin_interfaces.msg.Time(sec=103, nanosec=523000000), 
0.014889960357597157, 1.081351041863412, 0.993578062444251, 0.9984454364642146, 0.008283230668003695, 11.52695884006214, -1.0740408010163016, -0.4661499260855158, builtin_interfaces.msg.Time(sec=103, nanosec=625000000), 
-0.09579649218333296, 1.0729382657913646, 0.9935308967099538, 0.9977056674510412, -0.056014220491042405, 11.626313731303874, -1.0234205424386447, -0.5523015765902951, builtin_interfaces.msg.Time(sec=103, nanosec=693000000), 
-0.3304656268033899, 1.1718497763450242, 0.9936105926913901, 0.9926355601008268, -0.22548310502270816, 11.7256717464574, -0.9643388388239071, -0.6333059853428863, builtin_interfaces.msg.Time(sec=103, nanosec=761000000), 
-0.34444343590542664, 1.180917431012797, 1.0094388313685958, 0.9848688115301383, -0.29869177954302, 11.826011044674994, -0.8974595361319877, -0.7081419886027057, builtin_interfaces.msg.Time(sec=103, nanosec=829000000), 
-0.03735982886647168, 1.1238249747551448, 1.0109995631021236, 0.9843923409738052, -0.13681595361022345, 11.927051386337716, -0.8237877906554293, -0.7755351923409038, builtin_interfaces.msg.Time(sec=103, nanosec=931000000), 
-0.027681984123143894, 1.127191149504491, 0.9989300590312689, 0.9889056344557033, -0.06911494169281258, 12.027405406273614, -0.744071330109518, -0.8348602116208507, builtin_interfaces.msg.Time(sec=104, nanosec=33000000), 
-0.7208087550395829, 1.105640232615568, 1.0106708407350766, 0.984690993234701, -0.47149994958194685, 12.128024032391485, -0.6581982413632621, -0.8863824551025268, builtin_interfaces.msg.Time(sec=104, nanosec=135000000), 
-0.00501762890661123, 1.0893990637778825, 0.9978461316424677, 0.97974000141266, -0.18272307757885747, 12.228298505853486, -0.5674355240338255, -0.9289968758342522, builtin_interfaces.msg.Time(sec=104, nanosec=237000000), 
0.03087571267083157, 1.138533864609291, 0.9878882151301904, 0.9865971449850037, -0.050395635192587857, 12.327467685931559, -0.4739115835202747, -0.9619299492626132, builtin_interfaces.msg.Time(sec=104, nanosec=339000000), 
0.0071414792586857526, 1.0774140233315936, 0.9818645403488354, 0.9924158269141723, -0.01468111329529713, 12.425884223869373, -0.3775093567464762, -0.9854384555707008, builtin_interfaces.msg.Time(sec=104, nanosec=441000000), 
-0.009849992365959829, 1.0873272668391687, 0.9804735593320555, 0.9955612979529205, -0.01161943870134885, 12.523984710549648, -0.2789765388304389, -0.9993889287652173, builtin_interfaces.msg.Time(sec=104, nanosec=509000000), 
-0.01944572725149591, 1.0809446005279453, 0.980661260750776, 0.9970111339318467, -0.01640791700360379, 12.622043667068505, -0.17933774255955018, -1.003625900790891, builtin_interfaces.msg.Time(sec=104, nanosec=611000000), 
-0.04341402228746757, 1.061044776565839, 0.9785515288246435, 0.9971861120956891, -0.03305374750880395, 12.719979404539831, -0.07963456426506683, -0.9980814804784124, builtin_interfaces.msg.Time(sec=104, nanosec=713000000), 
-0.009973086393807255, 1.0877451815041432, 0.9827843500171614, 0.9969971824572481, -0.018748140824912676, 12.818096160158824, 0.019061068331338665, -0.9828073999429437, builtin_interfaces.msg.Time(sec=104, nanosec=815000000), 
-0.012246813546628347, 1.1467075979393513, 0.9859360763026686, 0.9972250382988268, -0.014697748458665411, 12.91656938255731, 0.1157342014307891, -0.9579515077334392, builtin_interfaces.msg.Time(sec=104, nanosec=917000000), 
-0.039166030466022475, 1.1333734750373714, 1.0153033090022168, 0.9947469362685483, -0.029824415520243504, 13.016977984983962, 0.20938493498012664, -0.9237465460358618, builtin_interfaces.msg.Time(sec=105, nanosec=19000000), 
0.5941943576665951, 1.185434484662958, 1.0179793272410471, 1.0017335772476164, 0.35568602705207786, 13.118673702906793, 0.2985012284001957, -0.8805314978240977, builtin_interfaces.msg.Time(sec=105, nanosec=121000000), 
0.00298445274992201, 1.0945796347629582, 1.001901373852756, 1.009107763985787, 0.13740842968758255, 13.219477963464549, 0.3827978891755858, -0.8285422866534582, builtin_interfaces.msg.Time(sec=105, nanosec=223000000), 
-0.0029299197075924634, 1.0587457229557273, 0.9940964352193212, 1.005873725134204, 0.05045896700697759, 13.319185729114267, 0.4622823554106809, -0.7676834529809758, builtin_interfaces.msg.Time(sec=105, nanosec=325000000), 
0.00419139803671742, 1.0968146439536404, 0.9918817767504801, 1.00251309502809, 0.021745214914612405, 13.418458499215477, 0.5353542701959191, -0.6991947586674303, builtin_interfaces.msg.Time(sec=105, nanosec=427000000), 
0.02425086307968702, 1.084322767564734, 0.9905567671155301, 1.0006726978518798, 0.023224277863394517, 13.517564786791542, 0.6011851539642464, -0.6239176181010818, builtin_interfaces.msg.Time(sec=105, nanosec=495000000), 
0.09509409480392145, 1.0884757991280627, 0.9879467486645906, 1.0012279586018524, 0.06757495741543022, 13.6164591554917, 0.659145689256836, -0.542625236617993, builtin_interfaces.msg.Time(sec=105, nanosec=597000000), 
-0.02496648741712172, 1.05929918325935, 0.9872481280721165, 1.0011082655552743, 0.010312367433727328, 13.71521065323102, 0.7088183121577685, -0.45599926028374294, builtin_interfaces.msg.Time(sec=105, nanosec=699000000), 
0.03152889904041425, 1.1514800212023486, 0.9966538745297231, 0.9982539325906225, 0.023347882688325265, 13.81451677313827, 0.749689544918122, -0.36491056741458217, builtin_interfaces.msg.Time(sec=105, nanosec=801000000), 
-0.026993005422958547, 1.149443182491138, 1.024117979205061, 0.9979627804931719, -0.007782994566643855, 13.915879535607237, 0.7813185725812705, -0.2703089561968337, builtin_interfaces.msg.Time(sec=105, nanosec=903000000), 
-0.015800618689797208, 1.0949360816249183, 1.0033150930135097, 0.9975000443010402, -0.012728637855200953, 14.017005644454697, 0.8032323714780586, -0.17291488695827037, builtin_interfaces.msg.Time(sec=106, nanosec=5000000), 
0.03625728363457181, 1.1197796837338558, 0.9920167826564105, 0.9985168827517186, 0.017559814299375334, 14.116638879774435, 0.8151951018834399, -0.07382625760657108, builtin_interfaces.msg.Time(sec=106, nanosec=73000000), 
-0.05301597442960526, 1.014795794445824, 0.9689416006970931, 0.9993698359746163, -0.026037149383307073, 14.214414433365333, 0.8172571347841273, 0.026066806165683708, builtin_interfaces.msg.Time(sec=106, nanosec=175000000), 
-0.048700032974641705, 1.040853470403826, 0.9634269290978843, 0.9975128481760346, -0.04001913740327413, 14.310967767986531, 0.8095458054887086, 0.12578957427067633, builtin_interfaces.msg.Time(sec=106, nanosec=277000000), 
0.000740237269638469, 1.0960531131287374, 0.9776453721558109, 0.9969465414293243, -0.01479123410015288, 14.408189209004009, 0.7922757807233256, 0.22417858164662094, builtin_interfaces.msg.Time(sec=106, nanosec=379000000), 
0.06515324355500555, 1.0493609560499906, 0.9853373976860478, 0.9984647622869834, 0.034626619382071344, 14.506429139541591, 0.765567653600179, 0.32028060777323897, builtin_interfaces.msg.Time(sec=106, nanosec=481000000), 
-0.017964512625765424, 1.0760634338054536, 0.9864827799986902, 0.9992574706573026, 0.002105434569090861, 14.60503366783013, 0.7295582723359869, 0.4133268670844831, builtin_interfaces.msg.Time(sec=106, nanosec=583000000), 
-0.057614759459663434, 1.0819358696892396, 0.9870391888372683, 0.9981698982816175, -0.034794747000065185, 14.703716333787387, 0.6844907101967933, 0.5025353573191441, builtin_interfaces.msg.Time(sec=106, nanosec=685000000), 
-0.047930574813958966, 1.0964023776555154, 0.9870743260400755, 0.9967993129412102, -0.042870490465089055, 14.802422424269674, 0.6308443643571234, 0.5868896013389847, builtin_interfaces.msg.Time(sec=106, nanosec=753000000), 
-0.5059176948297434, 1.0632867311977752, 0.9903560500486481, 0.9894928410727561, -0.32886047097540466, 14.90133267857158, 0.5690172825550529, 0.6658280898036435, builtin_interfaces.msg.Time(sec=106, nanosec=855000000), 
-0.12244535792628686, 1.138614214152176, 1.0153694199666021, 0.9839411254166839, -0.2009315977872306, 15.001914194854692, 0.49967582736489424, 0.738263387495271, builtin_interfaces.msg.Time(sec=106, nanosec=957000000), 
0.013851437952773063, 1.13868587985658, 1.014257187733862, 0.9867921027470248, -0.06790999397576092, 15.103382397119029, 0.4240375397714048, 0.8028132675045809, builtin_interfaces.msg.Time(sec=107, nanosec=25000000), 
0.080949260470401, 1.0614613926198688, 0.9978450002635042, 0.992820447138653, 0.024230655033060045, 15.203793786923773, 0.3424200777948903, 0.8592225712360715, builtin_interfaces.msg.Time(sec=107, nanosec=127000000), 
0.06209949715188148, 1.0532830845921963, 0.9818901108233613, 0.9978234683336495, 0.047659073202460676, 15.302592220554049, 0.2554093222289406, 0.9072310233290043, builtin_interfaces.msg.Time(sec=107, nanosec=229000000), 
0.05516775917021564, 1.0713572440642298, 0.977621056626987, 0.9997548336657228, 0.052247642392419344, 15.400517389577068, 0.16387968760054164, 0.9464968516217959, builtin_interfaces.msg.Time(sec=107, nanosec=297000000), 
0.05877052380574571, 1.0665806114189074, 0.9794160183527841, 1.000682669778581, 0.05620261658461184, 15.498390429975272, 0.06884762032144091, 0.9766529039018198, builtin_interfaces.msg.Time(sec=107, nanosec=365000000), 
0.059142156158422415, 1.0455214007432678, 0.9819483173937321, 1.0013103021863305, 0.057933002916398954, 15.59648853649825, -0.0287317626433423, 0.9973883858380229, builtin_interfaces.msg.Time(sec=107, nanosec=467000000), 
0.0645234488644176, 1.0591624225848775, 0.9830849402836392, 1.0016794304838583, 0.06191054753612631, 15.694753615395458, -0.12790320538964586, 1.008468241009834, builtin_interfaces.msg.Time(sec=107, nanosec=569000000), 
0.05747380492467237, 1.0991070827184115, 0.9831167597599986, 1.0018847536305366, 0.05906909493982393, 15.793064075975611, -0.22770425204664968, 1.0097656550990581, builtin_interfaces.msg.Time(sec=107, nanosec=637000000), 
0.024933694550879654, 1.0828242785693214, 0.9824067267463359, 1.0015906044445992, 0.03788461175935264, 15.891331869498053, -0.3272079724073901, 1.0012614353890266, builtin_interfaces.msg.Time(sec=107, nanosec=739000000), 
-0.40530422340911537, 1.1269572749483774, 0.9832941663025816, 0.9953596905189815, -0.23596145228880921, 15.989627388953558, -0.42582337179117924, 0.9830265996259742, builtin_interfaces.msg.Time(sec=107, nanosec=841000000), 
0.09314816451479281, 1.1558388567145927, 1.0044577183777676, 0.9900753203327456, -0.03242015150907923, 16.08926478503433, -0.5219842248561324, 0.9552024933931552, builtin_interfaces.msg.Time(sec=107, nanosec=943000000), 
0.014308690382366224, 1.1347431941357613, 1.0213645416123316, 0.9920391008856673, -0.003475936308288574, 16.190755456012184, -0.6141076352766421, 0.9182786148870449, builtin_interfaces.msg.Time(sec=108, nanosec=11000000), 
-0.04434969350174963, 1.0433162663718287, 1.0142716005915846, 0.995105109914165, -0.02865810554369224, 16.292453542310316, -0.7022277987188851, 0.8721130344446599, builtin_interfaces.msg.Time(sec=108, nanosec=113000000), 
-0.02144923545564319, 1.1049579842404529, 0.999402901672741, 0.9962181267834068, -0.024138919121615386, 16.39296176623944, -0.785419088616678, 0.8170894475162804, builtin_interfaces.msg.Time(sec=108, nanosec=215000000), 
-0.011911735788682543, 1.1244865981783725, 0.9920926653701043, 0.996830189177162, -0.016537037224496075, 16.492450258956634, -0.8627011785413906, 0.7539643016753339, builtin_interfaces.msg.Time(sec=108, nanosec=317000000), 
-0.1435694850651597, 1.065215637077674, 0.9900272780441015, 0.9958220516998432, -0.0949705349349265, 16.5915318775369, -0.9334500658727747, 0.6833844651945822, builtin_interfaces.msg.Time(sec=108, nanosec=419000000), 
-0.02564151529270199, 1.1250820408326143, 1.0080098580309278, 0.9922960729343102, -0.05205736477246103, 16.69164598990504, -0.9967888766766637, 0.6062191065848447, builtin_interfaces.msg.Time(sec=108, nanosec=521000000), 
-0.029197336117326715, 1.0981530807466988, 1.0155149769910905, 0.9936033123314049, -0.03783029545164429, 16.792910817568835, -1.0519737412422567, 0.5233174136941809, builtin_interfaces.msg.Time(sec=108, nanosec=623000000), 
0.04961785114814865, 1.1144999938211066, 1.0000222997022739, 0.9955112492479827, 0.016266951785889862, 16.893504815153822, -1.098468090521566, 0.43527830858442945, builtin_interfaces.msg.Time(sec=108, nanosec=725000000), 
0.05035307427807938, 1.1276122535940571, 0.9987690666651773, 0.9979683835449181, 0.03732975912211758, 16.99342959106277, -1.135872984233011, 0.3430282491771007, builtin_interfaces.msg.Time(sec=108, nanosec=793000000), 
-0.0016543988008170321, 1.0681910045609204, 0.9868580954628563, 0.9987834126731882, 0.013206874089083939, 17.092570359225082, -1.163928588444886, 0.2473741511228866, builtin_interfaces.msg.Time(sec=108, nanosec=895000000), 
0.030776966922615164, 1.0558421969497034, 0.983197244161059, 0.9989776093489537, 0.024037534347353274, 17.19102991571814, -1.1823917959944632, 0.1493170753965861, builtin_interfaces.msg.Time(sec=108, nanosec=997000000), 
-0.02173403538439078, 1.0775211885506282, 0.9829593646828861, 0.9989837076840413, -0.004267840882773391, 17.289334938373973, -1.1911388841036814, 0.04987336303158664, builtin_interfaces.msg.Time(sec=109, nanosec=99000000), 
0.02803537399670265, 1.0690853083760776, 0.9829096970219082, 0.9987564769689555, 0.015683275274513766, 17.387627805212, -1.1900770828795908, -0.04997759890754696, builtin_interfaces.msg.Time(sec=109, nanosec=201000000), 
-0.019341161966213057, 1.0739436226885384, 0.9823350909323036, 0.9988813099237681, -0.005969371386329688, 17.48588326230484, -1.1792302688979692, -0.14923260443216582, builtin_interfaces.msg.Time(sec=109, nanosec=303000000), 
0.01858570285294962, 1.0298126073098, 0.9828005727354646, 0.9988033453517001, 0.009202577137400407, 17.584145539755617, -1.158687609110631, -0.2469760418275517, builtin_interfaces.msg.Time(sec=109, nanosec=371000000), 
-0.037049051753324874, 1.0895042248915967, 0.9849402880909308, 0.9984802095183295, -0.019379631189026754, 17.682557838710757, -1.1286616310416495, -0.3422376614551934, builtin_interfaces.msg.Time(sec=109, nanosec=473000000), 
-0.0558949406660461, 1.1179084136975095, 0.9860262583862712, 0.9972912874745029, -0.04191566325652741, 17.78111898417518, -1.0893972896555566, -0.4341576060506368, builtin_interfaces.msg.Time(sec=109, nanosec=575000000), 
-0.001216406560547726, 1.1352193851257342, 1.0126101753302195, 0.9943936925592228, -0.016761269774061706, 17.88136458643635, -1.0413698491900887, -0.5215731499408376, builtin_interfaces.msg.Time(sec=109, nanosec=677000000), 
-1.0098390040083387, 1.1126236159157266, 1.0306315760287574, 0.9850577580763114, -0.6301319914594842, 17.983739387785032, -0.9844770621082071, -0.6045769813163813, builtin_interfaces.msg.Time(sec=109, nanosec=779000000), 
-0.010399163488808372, 1.0934337738949997, 1.0050979648137306, 0.9754887890953328, -0.24652954912331254, 18.085224481429268, -0.9192536718557293, -0.6813481176413495, builtin_interfaces.msg.Time(sec=109, nanosec=881000000), 
-0.11236841692334668, 1.114795652634406, 0.9905331628174132, 0.9818494518405627, -0.1631560959263022, 18.184834123643327, -0.8476940330176731, -0.750078108815941, builtin_interfaces.msg.Time(sec=109, nanosec=983000000), 
0.013022599732673985, 1.0672780265258335, 0.9859371176910926, 0.9873873537848038, -0.05399178795780786, 18.283603388714877, -0.7696221845129321, -0.8113204840259222, builtin_interfaces.msg.Time(sec=110, nanosec=85000000), 
0.014415233316829238, 1.0834220433980015, 0.9864224227744226, 0.9926370162323802, -0.011568491261037983, 18.382227093987627, -0.6858397045272613, -0.8645753410542273, builtin_interfaces.msg.Time(sec=110, nanosec=153000000), 
-0.020182561188239165, 1.09442714729199, 0.9882276068602858, 0.995528251435249, -0.016819033936968136, 18.48098090277717, -0.5969933468541954, -0.9094267594251217, builtin_interfaces.msg.Time(sec=110, nanosec=255000000), 
-0.11875084776439578, 1.1113199474333464, 0.9885448355492668, 0.9957785833700531, -0.07973064863291535, 18.5798232692744, -0.5038673371458601, -0.9454241051508105, builtin_interfaces.msg.Time(sec=110, nanosec=357000000), 
-0.01127162761422281, 1.0686159872279286, 0.9871143915586501, 0.9951753863451591, -0.03733095055481496, 18.678589346528806, -0.4075695883203487, -0.9720613146493373, builtin_interfaces.msg.Time(sec=110, nanosec=459000000), 
-0.04259822103045144, 1.0827907618464303, 0.9867823529916211, 0.9957086989488755, -0.04051108446205558, 18.77728026457267, -0.30924015695506785, -0.9890551020054092, builtin_interfaces.msg.Time(sec=110, nanosec=561000000), 
0.17442590635623687, 1.086828511321582, 0.9936845177653347, 0.9964236755933213, 0.09229674665977254, 18.876385077114442, -0.20999493154838014, -0.9962145547386954, builtin_interfaces.msg.Time(sec=110, nanosec=663000000), 
0.041474979980901994, 1.189475292265138, 1.0192416907469701, 0.9979359738548658, 0.06078241687643643, 18.977333049046877, -0.11077555792949459, -0.9935338093377003, builtin_interfaces.msg.Time(sec=110, nanosec=765000000), 
-0.011046444856006147, 1.137139502920553, 1.0058400733538424, 0.9992342606421906, 0.016345793199612935, 19.078428952616257, -0.011966667186303468, -0.9808359933653213, builtin_interfaces.msg.Time(sec=110, nanosec=867000000), 
-0.021140737096828503, 1.0623268965930013, 0.9899232651734274, 0.9985990739660437, -0.006841271538416193, 19.178029247106853, 0.08527672422507936, -0.9581818604318785, builtin_interfaces.msg.Time(sec=110, nanosec=935000000), 
0.010701552250905013, 1.088518336053668, 0.9838975275517863, 0.9980948489260506, 0.003994745083071181, 19.27664916255845, 0.17977945119191321, -0.9259703482260089, builtin_interfaces.msg.Time(sec=111, nanosec=37000000), 
0.020299881064667707, 1.112189119546223, 0.987165273620364, 0.9983322945305048, 0.014060661331510939, 19.375240873127325, 0.2705879936501442, -0.8846383886683968, builtin_interfaces.msg.Time(sec=111, nanosec=139000000), 
-0.02311786679210062, 1.0424256905645994, 0.9898590647717256, 0.9982762903911104, -0.008922484761915383, 19.474123885938376, 0.3569192892793916, -0.8345570680228587, builtin_interfaces.msg.Time(sec=111, nanosec=241000000), 
-0.02150507318707557, 1.0750295101369474, 0.9926748746420033, 0.9977198566923459, -0.0166867187649192, 19.573283819036117, 0.43793695679639494, -0.7761619571298828, builtin_interfaces.msg.Time(sec=111, nanosec=343000000), 
-0.01999741034582074, 1.0417493157109596, 0.994149581863297, 0.9973070046050856, -0.018709784911802436, 19.672642448418937, 0.5127655062463818, -0.7100441577479473, builtin_interfaces.msg.Time(sec=111, nanosec=445000000), 
-0.1976328768641183, 0.982248081618622, 0.992301358931753, 0.9954801204237438, -0.12919676233842659, 19.77194318014622, 0.580810369112344, -0.6367205678878837, builtin_interfaces.msg.Time(sec=111, nanosec=547000000), 
-0.06974886344254343, 1.0877953191888456, 0.9898236427025358, 0.993040055042947, -0.09230873497067998, 19.871020184754983, 0.6412773826903226, -0.5569609994818314, builtin_interfaces.msg.Time(sec=111, nanosec=649000000), 
-0.060182397607377744, 1.098113609388405, 0.9881057839581714, 0.9931977533481661, -0.07231072336583844, 19.969896379516047, 0.6934213265198621, -0.4718383180679143, builtin_interfaces.msg.Time(sec=111, nanosec=717000000), 
-0.04290486888683353, 1.1077541142004368, 0.9872461836557329, 0.9939219058144957, -0.054017003601511904, 20.0686538316915, 0.7368740897538465, -0.38204248967971083, builtin_interfaces.msg.Time(sec=111, nanosec=819000000), 
-0.004601897190055352, 1.1523358219084725, 1.004377765670768, 0.9929402374278175, -0.023427329267455922, 20.168437240053706, 0.7711844732476062, -0.28856022535075676, builtin_interfaces.msg.Time(sec=111, nanosec=921000000), 
-0.023015528786914353, 1.1733002263301395, 1.0360887692969467, 0.9922305612654363, -0.023145290835196883, 20.270834864426618, 0.7959648803938475, -0.1923057281751515, builtin_interfaces.msg.Time(sec=112, nanosec=23000000), 
0.06306996780855123, 1.056233560702691, 1.0063054946924934, 0.995633563153039, 0.03019108069253424, 20.372603033756132, 0.8107795198611697, -0.09398711750168305, builtin_interfaces.msg.Time(sec=112, nanosec=125000000), 
0.0720925492639638, 1.1045780246063472, 1.0067048191098003, 0.9984898779755644, 0.05606310806014075, 20.473258262831624, 0.8155186599908859, 0.005383405783503185, builtin_interfaces.msg.Time(sec=112, nanosec=193000000), 
0.05219881947726031, 1.0637796250924376, 1.0033048242533118, 1.000112285445604, 0.0536091652726357, 20.57371861350432, 0.810236886289195, 0.1048552933811194, builtin_interfaces.msg.Time(sec=112, nanosec=295000000), 
0.06588876000656071, 1.0697358399893708, 0.993620402985832, 1.0015766900409238, 0.06112580037652456, 20.673450565779184, 0.7949811564897373, 0.2034344569532298, builtin_interfaces.msg.Time(sec=112, nanosec=397000000), 
0.05277260966100745, 1.0490862856969252, 0.9951312324773844, 1.0015023863124515, 0.05586246405290831, 20.772905980475468, 0.7699717238429999, 0.3000433613474236, builtin_interfaces.msg.Time(sec=112, nanosec=499000000), 
0.06902850832752158, 1.1071081218778174, 1.0300573879113133, 1.000350106053287, 0.06387820982049557, 20.87457765883866, 0.735514074306194, 0.3936170854763527, builtin_interfaces.msg.Time(sec=112, nanosec=601000000), 
0.03460052038282028, 1.088062978904754, 1.0401028527408045, 0.9998659046225751, 0.0456820373564856, 20.978204241499537, 0.6917671052375064, 0.48316657221446285, builtin_interfaces.msg.Time(sec=112, nanosec=703000000), 
0.024218548119096347, 1.0658248332322304, 1.0198026305956478, 1.00012651968958, 0.03235482152242509, 21.080959904047127, 0.6389479059120309, 0.5677954023443572, builtin_interfaces.msg.Time(sec=112, nanosec=805000000), 
0.036033230474192324, 1.076029766389371, 1.0074886989586493, 1.0000965759657368, 0.03457081583414219, 21.18217912427801, 0.5776961698830496, 0.6465968496383959, builtin_interfaces.msg.Time(sec=112, nanosec=873000000), 
-0.006485893851074453, 1.0886201947248448, 1.0005908788659204, 0.9997587136623939, 0.009153198567137331, 21.282501685447315, 0.508773602518749, 0.7188392666192652, builtin_interfaces.msg.Time(sec=112, nanosec=975000000), 
-0.027742206895866376, 1.1277476159949005, 0.9947591142355195, 0.9989640691437589, -0.013659326666001042, 21.38220035045831, 0.43290097202763017, 0.7838772743353906, builtin_interfaces.msg.Time(sec=113, nanosec=77000000), 
0.10622498424018535, 1.1799408261551003, 1.0098436032196179, 0.9972237250974754, 0.060364694807942, 21.482608534571373, 0.35112896028371543, 0.8408695891342468, builtin_interfaces.msg.Time(sec=113, nanosec=179000000), 
0.19959745571499515, 1.2483540267751445, 1.0299291132870136, 0.9995566579727334, 0.14628011667994628, 21.584834247683638, 0.2644058601136016, 0.8891641999242327, builtin_interfaces.msg.Time(sec=113, nanosec=281000000), 
0.03697701509888483, 0.9707072762157593, 1.0093829010964082, 1.0031014138633378, 0.07859548867031604, 21.686557333264954, 0.17303509826723243, 0.9284561636739925, builtin_interfaces.msg.Time(sec=113, nanosec=383000000), 
-0.16004091993185662, 1.1571534113655895, 0.9914800822381122, 1.000369505518857, -0.06894606502583209, 21.78638916831971, 0.0775825260132354, 0.9584740238601156, builtin_interfaces.msg.Time(sec=113, nanosec=485000000), 
0.009151980586718615, 1.1081150466417418, 0.9959651621678688, 0.996916656299529, -0.020660860863336697, 21.885814369727406, -0.02044357194086793, 0.9788277782890515, builtin_interfaces.msg.Time(sec=113, nanosec=553000000), 
0.03398766628994832, 1.0424974638351114, 0.9953500308722247, 0.9973655956541537, 0.013128164492695528, 21.98537286873937, -0.1196449935989642, 0.9893140307464263, builtin_interfaces.msg.Time(sec=113, nanosec=655000000), 
0.011449769534321608, 1.0129867568731044, 0.9851474053025376, 0.9983379733148623, 0.012085946113852964, 22.084277314888936, -0.2193618929082965, 0.9898890528676224, builtin_interfaces.msg.Time(sec=113, nanosec=757000000), 
-0.01098756034187228, 1.0488161081762675, 0.9825295374870636, 0.9984721841744596, -0.002180548153012621, 22.18263026229039, -0.3187361338311684, 0.9806083411392733, builtin_interfaces.msg.Time(sec=113, nanosec=859000000), 
-0.03580945155602386, 1.0385609689918338, 0.9824321105198246, 0.9979573467480258, -0.02295194901648387, 22.28087719472138, -0.4167969041547097, 0.9616044278988275, builtin_interfaces.msg.Time(sec=113, nanosec=961000000), 
0.018325021528971634, 1.112613427786814, 0.9810562889278438, 0.9981286730239572, 0.002579112980716936, 22.379035375322733, -0.5125118912587978, 0.9330708670128842, builtin_interfaces.msg.Time(sec=114, nanosec=63000000), 
-0.06891597717668195, 1.0655515820491546, 0.9837829723512213, 0.9977192846975033, -0.04158152830331677, 22.477309522518738, -0.6049870456208377, 0.8952996779088557, builtin_interfaces.msg.Time(sec=114, nanosec=165000000), 
-0.03634914739497456, 1.061603402566059, 0.985654808746616, 0.9965959925711954, -0.038298891814987863, 22.575803505605233, -0.6933596885913675, 0.848609027449639, builtin_interfaces.msg.Time(sec=114, nanosec=267000000), 
-0.062382757936652516, 1.0766494602918308, 0.9876990457803674, 0.9959337190161022, -0.053117227607397545, 22.674495327276688, -0.7766701871635753, 0.7934903998523222, builtin_interfaces.msg.Time(sec=114, nanosec=369000000), 
-0.53156100024674, 1.0374407344211416, 0.994518299991735, 0.9904496706657643, -0.34856645111366624, 22.77368668494278, -0.8545735961470636, 0.7301844340129667, builtin_interfaces.msg.Time(sec=114, nanosec=437000000), 
0.026153951688423153, 1.1434485064317952, 1.0184389827016984, 0.9831953141787285, -0.11670195290278712, 22.87461689443684, -0.9255795585016251, 0.6596197522019945, builtin_interfaces.msg.Time(sec=114, nanosec=539000000), 
0.02925860537147987, 1.123624119493397, 1.0136349009040346, 0.9889720275413864, -0.026272671192180477, 22.97616388412344, -0.988509773894467, 0.5830108563010985, builtin_interfaces.msg.Time(sec=114, nanosec=641000000), 
0.07353499055925945, 1.1644897490049155, 0.9995429622304071, 0.9945313903961459, 0.03549916529179009, 23.076656444507076, -1.043378037499635, 0.5003293745641925, builtin_interfaces.msg.Time(sec=114, nanosec=743000000), 
0.0398684206748535, 1.066456120713335, 0.992866105240006, 0.9979486988053174, 0.03819499385520722, 23.176198088274308, -1.0897608803106302, 0.412372019353264, builtin_interfaces.msg.Time(sec=114, nanosec=845000000), 
0.04730324513191374, 1.0968098043208196, 0.9908629964570086, 0.9995531513538873, 0.04378184404269053, 23.275360899867202, -1.127242796475094, 0.32004600465943284, builtin_interfaces.msg.Time(sec=114, nanosec=947000000), 
0.056502303918438246, 1.1119226209775974, 0.9898346448862589, 1.000439923804265, 0.05157760265295552, 23.374383643890592, -1.1554166718838152, 0.22438801342708248, builtin_interfaces.msg.Time(sec=115, nanosec=49000000), 
-0.41855166205411987, 1.0813183834857845, 0.9938887292936237, 0.9944522653573896, -0.23892371708563936, 23.47361766457492, -1.1741442170709375, 0.12600659956304566, builtin_interfaces.msg.Time(sec=115, nanosec=151000000), 
-0.4970407522095882, 1.152140438693827, 1.0040864797327276, 0.9850477061881959, -0.39806876060178964, 23.5736367931423, -1.1831382977824556, 0.025646981529003757, builtin_interfaces.msg.Time(sec=115, nanosec=219000000), 
0.10634548053068829, 1.1093366441842065, 1.0090884728083847, 0.982764085921982, -0.08594779186828777, 23.674354581288796, -1.1820059100083853, -0.0743021731882825, builtin_interfaces.msg.Time(sec=115, nanosec=321000000), 
-0.012062994180515037, 1.0995783620006403, 0.999449394013099, 0.9897947792833057, -0.040057332850372884, 23.77466770073806, -1.1709315901768813, -0.1727894177174012, builtin_interfaces.msg.Time(sec=115, nanosec=423000000), 
-0.0013156751335088486, 1.1004232171928034, 0.9911614524778104, 0.9942449319629739, -0.015990106648401142, 23.874100417182813, -1.1499624832507958, -0.26998470471237923, builtin_interfaces.msg.Time(sec=115, nanosec=525000000), 
0.34136331116289204, 1.2207640080318807, 0.9872088988253218, 1.0000559693868705, 0.20480695153902181, 23.972972281180635, -1.119428915572082, -0.3644534438709559, builtin_interfaces.msg.Time(sec=115, nanosec=627000000), 
-0.006542384812045072, 1.1068504187851715, 0.9867699890974269, 1.00469653991012, 0.07402640531957269, 24.071666044950184, -1.0797031435927824, -0.45555960448022464, builtin_interfaces.msg.Time(sec=115, nanosec=729000000), 
-0.4558998307103351, 1.1196473245770062, 0.9952489567521556, 0.9982272680975003, -0.25344677505089575, 24.17086707287994, -1.030711725631574, -0.543317738776808, builtin_interfaces.msg.Time(sec=115, nanosec=831000000), 
0.020448897427964453, 1.156964560223794, 1.0238251413458435, 0.988784423402571, -0.08404186797011431, 24.272158073889926, -0.9733229941404247, -0.6256224955742796, builtin_interfaces.msg.Time(sec=115, nanosec=933000000), 
0.11907054779041046, 1.1701092765700105, 1.0210639298699602, 0.9931160363275351, 0.041599512691281676, 24.37436993577029, -0.9085728793261947, -0.7009311901993622, builtin_interfaces.msg.Time(sec=116, nanosec=1000000), 
-0.08888959577173715, 1.1425317759394542, 0.9989634992478464, 0.9970406366945985, -0.03898349209559676, 24.47511044702824, -0.8363472337893978, -0.7693906868926408, builtin_interfaces.msg.Time(sec=116, nanosec=103000000), 
0.0009168880585398911, 1.0431202640851314, 0.9875025290004529, 0.9963965595851327, -0.01428911180511095, 24.574298470037327, -0.757334960362362, -0.8304181220676778, builtin_interfaces.msg.Time(sec=116, nanosec=205000000), 
-0.029588619923969037, 1.104489353393234, 0.9875887101213092, 0.9966787706630817, -0.023707718719668588, 24.673054049223563, -0.6727271260179878, -0.8832908041084896, builtin_interfaces.msg.Time(sec=116, nanosec=307000000), 
0.013156061119254062, 1.0931198583734034, 0.9896884981829807, 0.9972150527998906, -0.0008943844222167353, 24.77194269427482, -0.5833030180708535, -0.9275646285182326, builtin_interfaces.msg.Time(sec=116, nanosec=409000000), 
-0.2318236393413592, 1.03740474945876, 0.9877448364739514, 0.9956103237140848, -0.14352245100631555, 24.87079141919324, -0.48974244191311933, -0.962910609756816, builtin_interfaces.msg.Time(sec=116, nanosec=511000000), 
0.11319311859838524, 1.086028177861975, 0.9870553477333961, 0.9946060662048086, 0.015230092201020617, 24.969523290092983, -0.39320316990448667, -0.9887907474582003, builtin_interfaces.msg.Time(sec=116, nanosec=613000000), 
-0.04141098182286919, 1.1076586532297437, 0.9870816309423637, 0.996857750378988, -0.019734251141014278, 25.06823044925797, -0.29492944491094625, -1.0049891055984317, builtin_interfaces.msg.Time(sec=116, nanosec=715000000), 
-0.007969490768763021, 1.1254974815848746, 1.0042940661683875, 0.9952411282909684, -0.01246327091180326, 25.16800239935209, -0.19544880627299838, -1.0114145230316889, builtin_interfaces.msg.Time(sec=116, nanosec=817000000), 
0.5564704259241162, 1.1323537519870126, 1.0153178658486532, 1.001997568418648, 0.338997893045192, 25.26911311425769, -0.09645049101717643, -1.0078360101049986, builtin_interfaces.msg.Time(sec=116, nanosec=885000000), 
0.02412942522203171, 1.0932118872504504, 0.9983836040324955, 1.0089552023911748, 0.14410408921639317, 25.369598305904876, 0.0017038500235530827, -0.9943305122436739, builtin_interfaces.msg.Time(sec=116, nanosec=987000000), 
0.044369243907205584, 1.0735245918186782, 0.9957676145719813, 1.0064856986110136, 0.08222952046413931, 25.469274989268047, 0.09893157618334636, -0.9708170578598421, builtin_interfaces.msg.Time(sec=117, nanosec=89000000), 
0.03140173089363894, 1.080347852973538, 0.9925932773476228, 1.0038056168741725, 0.050657347628241846, 25.568655565895604, 0.19337550082397276, -0.9377446895339631, builtin_interfaces.msg.Time(sec=117, nanosec=191000000), 
0.027831521377635213, 1.0724259613753835, 0.9868474339465074, 1.0020171162747633, 0.03644560086580303, 25.667559780978774, 0.2840149905747791, -0.8955020233328956, builtin_interfaces.msg.Time(sec=117, nanosec=293000000), 
0.003822686607173135, 1.0460412371776528, 0.9872859545062362, 1.000757788386796, 0.016217139570293002, 25.76627162643449, 0.3700078248333268, -0.8445458425353021, builtin_interfaces.msg.Time(sec=117, nanosec=395000000), 
0.018498585880248646, 1.056167787830638, 0.9927860911066638, 0.9997814568051152, 0.01758182692362289, 25.865340149021296, 0.450526171591753, -0.7853897833653792, builtin_interfaces.msg.Time(sec=117, nanosec=497000000), 
0.0004731044437280719, 1.1080574848191218, 0.9953245348886659, 0.9992540115988827, 0.006978098498420866, 25.964775642585543, 0.5247678786168622, -0.7185946311994362, builtin_interfaces.msg.Time(sec=117, nanosec=599000000), 
-0.03074049140841075, 1.089445420441845, 0.9928099591610757, 0.9986647504836157, -0.016335570736920206, 26.064152686747715, 0.5920465672823724, -0.6447330440067984, builtin_interfaces.msg.Time(sec=117, nanosec=667000000), 
-0.01904487425951088, 1.1161252603059213, 0.9896298229044702, 0.9979044502277252, -0.017993770310165486, 26.16323713943428, 0.6516746671189173, -0.5645496945018721, builtin_interfaces.msg.Time(sec=117, nanosec=769000000), 
-0.010107510233596772, 1.2026706245845873, 0.9990609631629339, 0.9973898691080259, -0.013102056460844091, 26.262782998247967, 0.7030425462631112, -0.47891955386264135, builtin_interfaces.msg.Time(sec=117, nanosec=871000000), 
-0.27787463494876596, 1.0570753234283303, 1.0236358915644135, 0.9920013572647, -0.1766724345638979, 26.364207908666582, 0.7457108677176187, -0.38855467149669964, builtin_interfaces.msg.Time(sec=117, nanosec=973000000), 
0.704588280138436, 1.2944947217857494, 1.021041659824858, 0.997435849027949, 0.367911935358025, 26.466411165484047, 0.7786207856905367, -0.2950359251474769, builtin_interfaces.msg.Time(sec=118, nanosec=75000000), 
0.013529578527425064, 1.0519066290213956, 1.0032280223668677, 1.0083239421623735, 0.14863535835281302, 26.5674143881253, 0.8017950831081637, -0.19904113816237853, builtin_interfaces.msg.Time(sec=118, nanosec=177000000), 
0.0028873228288298224, 1.0838760487066526, 1.0025469121275998, 1.0057660971003068, 0.05833774638069958, 26.66769509543419, 0.8153318381261679, -0.09995026770382191, builtin_interfaces.msg.Time(sec=118, nanosec=279000000), 
-0.0547496637061517, 0.9905714117617731, 0.9875625293055175, 1.0018176043597349, -0.011661646012063029, 26.767023700858502, 0.8189080398003372, 0.00015352597744189208, builtin_interfaces.msg.Time(sec=118, nanosec=381000000), 
-0.001651286788194371, 1.0381950416569496, 0.9832289234630881, 0.9991394967702569, -0.0055057848414101045, 26.865512122218608, 0.8125514247758053, 0.10002408826889528, builtin_interfaces.msg.Time(sec=118, nanosec=483000000), 
-0.03892042002027245, 1.0354866792679107, 0.982591335388289, 0.9980831358207738, -0.026148422697537668, 26.963795609454813, 0.7964394322536611, 0.1986556041510675, builtin_interfaces.msg.Time(sec=118, nanosec=551000000), 
0.09450562403347253, 1.0408820179842284, 0.9839183085972562, 0.9991344937500292, 0.04841957170315858, 27.062136754448172, 0.7707393629761706, 0.2951216944364067, builtin_interfaces.msg.Time(sec=118, nanosec=653000000), 
-0.058148172129648776, 1.138170717140191, 0.9841377644805991, 0.9995274110194334, -0.017463217054784236, 27.160542148427393, 0.7357113019118642, 0.388593484174908, builtin_interfaces.msg.Time(sec=118, nanosec=755000000), 
-0.05362198788101148, 1.0634897456999353, 0.9859715554620461, 0.9978115749496852, -0.03979128923630851, 27.25906925939093, 0.6915851219357234, 0.47834805534253977, builtin_interfaces.msg.Time(sec=118, nanosec=857000000), 
-0.07343172198968478, 1.0717989615779264, 0.9868966088049799, 0.9962572448415556, -0.06052357040177304, 27.35772358637787, 0.6388665496354429, 0.563306083560212, builtin_interfaces.msg.Time(sec=118, nanosec=959000000), 
-0.12527456034427617, 1.0068753945668103, 0.9880173298482244, 0.9942078814731563, -0.10044027982076195, 27.45648251162803, 0.5780502883646824, 0.6426603392493884, builtin_interfaces.msg.Time(sec=119, nanosec=61000000), 
0.26573907191909724, 1.190320116334912, 1.0068489456472216, 0.9946540465199722, 0.12585925779235765, 27.55644810247554, 0.5100212119394995, 0.7152027035182346, builtin_interfaces.msg.Time(sec=119, nanosec=163000000), 
-0.6027307840044397, 1.138743939203289, 1.0220037712897023, 0.9930830063133307, -0.3242966827597916, 27.658069616774323, 0.43490225842767155, 0.7809340878573077, builtin_interfaces.msg.Time(sec=119, nanosec=265000000), 
0.059756217350135366, 1.1062775242071876, 1.01464879011416, 0.9873010335975475, -0.08668544411718918, 27.759815431067985, 0.35306892857978767, 0.8389209272919022, builtin_interfaces.msg.Time(sec=119, nanosec=333000000), 
0.05856288782961338, 1.1140741867710975, 1.0008985273426119, 0.9917744126766495, 0.003230885988439902, 27.860430497104694, 0.2666430637881296, 0.8878003613049273, builtin_interfaces.msg.Time(sec=119, nanosec=435000000), 
0.06774917804783581, 1.0854140279794116, 0.9938702933957231, 0.9962297143024973, 0.043142116832562465, 27.96008598109295, 0.17570868456948813, 0.9277483786758123, builtin_interfaces.msg.Time(sec=119, nanosec=537000000), 
0.086487907269891, 1.0815288036506365, 0.9916250580775128, 0.9994191743414914, 0.06988969136305234, 28.05933424725858, 0.08109447686334909, 0.9584858934068768, builtin_interfaces.msg.Time(sec=119, nanosec=639000000), 
0.08011923966123746, 1.0827003957577654, 0.9906382137594382, 1.001323646069669, 0.07612020796959627, 28.158435762733312, -0.016230633611129305, 0.9797178143324324, builtin_interfaces.msg.Time(sec=119, nanosec=741000000), 
0.06647713787696638, 1.0994221800244228, 0.9894177944386248, 1.0021174536218453, 0.07004962535116974, 28.257424158047176, -0.1152960256955768, 0.9912275989860433, builtin_interfaces.msg.Time(sec=119, nanosec=843000000), 
0.4378257652556969, 1.1313331618449853, 1.0018094029193252, 1.0043680503966694, 0.29707620121342626, 28.357131781012672, -0.21459030643751578, 0.9928144500060575, builtin_interfaces.msg.Time(sec=119, nanosec=945000000), 
0.6408547480200547, 1.1382355614870978, 1.0071747811969942, 1.013434106621726, 0.5090139778508295, 28.457644319918412, -0.3128415314247772, 0.984513761407651, builtin_interfaces.msg.Time(sec=120, nanosec=47000000), 
0.0886220376962362, 1.155268233693529, 1.0036344759592983, 1.0188043527448516, 0.2486420031056123, 28.558142995141367, -0.4104261784528107, 0.9663374197818753, builtin_interfaces.msg.Time(sec=120, nanosec=115000000), 
0.04219971222836613, 1.1032984488620274, 0.9935506691757596, 1.013388869484653, 0.1206463061192834, 28.657883229204472, -0.5067657559538268, 0.9381631698334124, builtin_interfaces.msg.Time(sec=120, nanosec=217000000), 
0.42869979109874606, 1.157385127151527, 0.9889776919037219, 1.0119543877840231, 0.3106446636688549, 28.756955670583658, -0.5994571422391967, 0.9006367396154383, builtin_interfaces.msg.Time(sec=120, nanosec=285000000), 
-0.4251953774982892, 1.1330766822872556, 0.9897598712331738, 1.007843745179156, -0.14434535659438108, 28.85590178111512, -0.6882877597870306, 0.8541166899343188, builtin_interfaces.msg.Time(sec=120, nanosec=353000000), 
-0.008330575519833062, 1.0664690917055468, 0.9922842053125587, 0.9980382996311801, -0.06027551610288055, 28.955033780664436, -0.7725441888163304, 0.7987128578537689, builtin_interfaces.msg.Time(sec=120, nanosec=455000000), 
-0.049391978619896464, 1.1267165148376528, 0.9896512511093785, 0.9962288481547136, -0.053483101551037256, 29.054099475676853, -0.8502996046678918, 0.73576218237211, builtin_interfaces.msg.Time(sec=120, nanosec=557000000), 
-0.05676720390209668, 1.0915800669704576, 0.988441004600077, 0.9955827931977362, -0.05543119404082764, 29.15298980344004, -0.921360209595676, 0.6655229469963031, builtin_interfaces.msg.Time(sec=120, nanosec=659000000), 
0.3283546308699525, 1.0772209444605716, 0.9957965263881932, 0.9995205185305822, 0.181723459473341, 29.25228850014705, -0.9848245584813226, 0.5888948332251651, builtin_interfaces.msg.Time(sec=120, nanosec=761000000), 
0.43942518304150546, 1.0736522212786772, 1.0032823816751149, 1.0068859104454737, 0.34067457901245196, 29.352330804086087, -1.0399836932744184, 0.5068521698729072, builtin_interfaces.msg.Time(sec=120, nanosec=863000000), 
0.11522044928722437, 1.2208175139737119, 1.0149532610820056, 1.011267456833962, 0.200948870900372, 29.4533803422688, -1.086882168654177, 0.4193805927497673, builtin_interfaces.msg.Time(sec=120, nanosec=965000000), 
0.010408703708187491, 1.076627914044183, 1.002223483417642, 1.0083677725057896, 0.08289674972205842, 29.55408892485042, -1.1250346507161426, 0.3269017306892452, builtin_interfaces.msg.Time(sec=121, nanosec=33000000), 
-0.00664027933703594, 1.0850830955468524, 0.9991457415617803, 1.0038857717648875, 0.02738928568848105, 29.65412105828463, -1.1537605446294974, 0.23090155610225896, builtin_interfaces.msg.Time(sec=121, nanosec=135000000), 
-0.0007628075652203054, 1.0588372715423318, 0.9930571934838838, 1.0007829254615248, 0.009905689708644406, 29.75365933947538, -1.1727447220904306, 0.1326400287433073, builtin_interfaces.msg.Time(sec=121, nanosec=237000000), 
0.026385031898169563, 1.0701887974260966, 0.9891732079698959, 0.9995236250820007, 0.02004370885029907, 29.852725015317823, -1.1818594516703735, 0.03314336478878421, builtin_interfaces.msg.Time(sec=121, nanosec=339000000), 
0.008854739475973252, 1.0826970883331584, 0.9884352891185165, 0.999311412418367, 0.013096690923775325, 29.951596730221702, -1.1810953107997575, -0.06668929369958063, builtin_interfaces.msg.Time(sec=121, nanosec=441000000), 
0.006969391317894397, 1.0727233931980242, 0.9877664159840795, 0.9990495173537078, 0.00928628973031895, 30.050398920500427, -1.1704806731332593, -0.16596879057741143, builtin_interfaces.msg.Time(sec=121, nanosec=543000000), 
-0.04009614572998803, 1.0647901006714273, 0.9866790272897368, 0.998392985830145, -0.021235045767867246, 30.14910835778163, -1.1501240549608314, -0.2637631192532386, builtin_interfaces.msg.Time(sec=121, nanosec=645000000), 
0.02176539400671947, 1.0807365292786157, 0.9849473569227272, 0.9981821548308519, 0.005350874867663898, 30.247669237396188, -1.1202252283800662, -0.3590676208624885, builtin_interfaces.msg.Time(sec=121, nanosec=747000000), 
-0.012306537451753464, 1.090104442878001, 0.9858753314369623, 0.9983820522351334, -0.005558540229949685, 30.34622132506751, -1.0811195009570724, -0.45091650197283617, builtin_interfaces.msg.Time(sec=121, nanosec=849000000), 
-0.25079951518346805, 1.2221248863345384, 1.002235256139809, 0.9936773745239275, -0.1570690546056719, 30.44581995716318, -1.0331141003290083, -0.5386339183728734, builtin_interfaces.msg.Time(sec=121, nanosec=951000000), 
-0.02962995864918513, 1.1735158048844392, 1.0268990740038852, 0.9893422108135429, -0.07818027330621737, 30.547567790550396, -0.9766910741922389, -0.621013783710567, builtin_interfaces.msg.Time(sec=122, nanosec=53000000), 
-0.01982085777448777, 1.1290338145683247, 1.0153437974233188, 0.9918221601940542, -0.041967486882553376, 30.649543542583164, -0.9124483482575818, -0.6969504040964964, builtin_interfaces.msg.Time(sec=122, nanosec=121000000), 
-0.0013293318959561942, 1.0934266720824641, 1.0075312386618307, 0.9945581507592928, -0.016755022841190858, 30.750595079640124, -0.8407511330124692, -0.7659961735075244, builtin_interfaces.msg.Time(sec=122, nanosec=223000000), 
-0.0005599574018284203, 1.1299121662731828, 0.9979611779174453, 0.9960458008755492, -0.006700582508824573, 30.850756741224867, -0.7623825306187709, -0.8275015864541714, builtin_interfaces.msg.Time(sec=122, nanosec=325000000), 
-0.03244489713349493, 1.0749110231853836, 0.9946291230888137, 0.9967722099542607, -0.0225743620043088, 30.950346926702963, -0.6781639835144059, -0.8809233538852025, builtin_interfaces.msg.Time(sec=122, nanosec=427000000), 
0.037814198900152265, 1.1632304764251384, 0.9918270317802252, 0.9976034709048852, 0.014768967960368345, 31.049636660245014, -0.5890172880972262, -0.9257111918724799, builtin_interfaces.msg.Time(sec=122, nanosec=529000000), 
-0.015851550071697237, 1.0637214078450645, 0.9886055291752118, 0.998405865127086, -0.004151126651922726, 31.148620263612564, -0.49586687872266844, -0.9614478075938514, builtin_interfaces.msg.Time(sec=122, nanosec=631000000), 
-0.017395267036228346, 1.0838272396026607, 0.9873905265894951, 0.9980995283999526, -0.012327736391395618, 31.247405725240647, -0.39954511402397785, -0.9878297213475056, builtin_interfaces.msg.Time(sec=122, nanosec=733000000), 
-0.04586638646101629, 1.0947641423034846, 0.9870888513509396, 0.9974268769585977, -0.03302884577082602, 31.346126133344498, -0.301061589783478, -1.0045941615752134, builtin_interfaces.msg.Time(sec=122, nanosec=835000000), 
-0.43542409221889355, 1.0470658104927641, 0.992760807633691, 0.9907727837926184, -0.28157095813632577, 31.445185564656136, -0.2011004194503398, -1.0116522696350505, builtin_interfaces.msg.Time(sec=122, nanosec=903000000), 
0.13947533833613235, 1.1434127964846033, 1.0143044171937547, 0.9863726279000276, -0.021164848912483825, 31.545793113714353, -0.10131711301368682, -1.0087339703261988, builtin_interfaces.msg.Time(sec=123, nanosec=5000000), 
0.18719904547148578, 0.8963891996776485, 1.0024274668327038, 0.9947154971218694, 0.10768072309464763, 31.646489519533148, -0.003222165565929068, -0.9959188801979127, builtin_interfaces.msg.Time(sec=123, nanosec=107000000), 
0.046078999710722025, 1.056580249896885, 0.9930169914937621, 1.0002600601895537, 0.0695519767478181, 31.746150666855442, 0.0934049720516694, -0.9732298358961557, builtin_interfaces.msg.Time(sec=123, nanosec=209000000), 
0.04628082529687682, 1.074334903130848, 0.9835963322119264, 1.0014820613702422, 0.055084281187784224, 31.844870137241557, 0.1877265014442117, -0.9408812350355528, builtin_interfaces.msg.Time(sec=123, nanosec=311000000), 
0.07012354073677879, 1.1181689623531577, 0.9793814404826987, 1.001656747533485, 0.06428063291043497, 31.942969275827995, 0.27847309373019186, -0.8993538852807951, builtin_interfaces.msg.Time(sec=123, nanosec=413000000), 
0.05485881955320524, 1.0541663390622604, 0.9794423679686369, 1.0019521618561757, 0.05835832731722455, 32.04091118540198, 0.3647253966566082, -0.8491354182144498, builtin_interfaces.msg.Time(sec=123, nanosec=515000000), 
0.061766823736011243, 1.0675889580808493, 0.9802395947814837, 1.0019800911456853, 0.06036445024056914, 32.138904693525554, 0.44567558384984984, -0.7907059826608107, builtin_interfaces.msg.Time(sec=123, nanosec=583000000), 
0.05721656352210475, 1.044818818604271, 0.980250606050536, 1.002045004024109, 0.058319126978665994, 32.23692933353755, 0.5205241577543566, -0.7246350464313679, builtin_interfaces.msg.Time(sec=123, nanosec=685000000), 
0.01163282126561515, 1.0689538034588593, 0.9886867113899556, 1.0013911273986338, 0.029379431620664438, 32.33547577412585, 0.5885848162633605, -0.6515257382013683, builtin_interfaces.msg.Time(sec=123, nanosec=787000000), 
0.44941404834752424, 1.1607913970127055, 1.0008878552870262, 1.003272612382828, 0.2887392374463347, 32.435098517427846, 0.648752013751247, -0.5724380709881713, builtin_interfaces.msg.Time(sec=123, nanosec=889000000), 
0.5500778550465285, 1.2140006708519737, 1.0256284662294877, 1.0113775534789695, 0.44976694096027453, 32.53671635680304, 0.7003261160055483, -0.4883768426924142, builtin_interfaces.msg.Time(sec=123, nanosec=991000000), 
-0.038474981229873424, 1.1927835795494357, 1.0171433101263698, 1.0150849738410734, 0.14756898051769657, 32.63875479193884, 0.7435269631820084, -0.3988210435507068, builtin_interfaces.msg.Time(sec=124, nanosec=93000000), 
0.004854096843678775, 1.120181182785214, 0.998929174746502, 1.008898845048213, 0.059084553658100974, 32.73934342747743, 0.7777385082862749, -0.30435830379217166, builtin_interfaces.msg.Time(sec=124, nanosec=195000000), 
-0.0317189756780675, 1.0915716440847472, 0.9915790686276302, 1.003745241659901, 0.0028240525964834673, 32.838782083411836, 0.802292336182654, -0.20704256969688745, builtin_interfaces.msg.Time(sec=124, nanosec=297000000), 
-0.047736118453566664, 1.0890011926189445, 0.9888203678182383, 0.9999887567738358, -0.02846624100135172, 32.9377694931881, 0.8170591750949141, -0.10792440181459588, builtin_interfaces.msg.Time(sec=124, nanosec=399000000), 
0.0021047694730765357, 1.2391368694417582, 0.9902325011458368, 0.9969621493288345, -0.009591235641198417, 33.036738804609236, 0.8219425683494768, -0.008106960227818935, builtin_interfaces.msg.Time(sec=124, nanosec=467000000), 
-0.6223952494545205, 1.1234444571337958, 1.0156448008515873, 0.9882599402908152, -0.3881385746367714, 33.13733262121887, 0.8170267349705124, 0.0920189239364643, builtin_interfaces.msg.Time(sec=124, nanosec=569000000), 
0.04418529723216261, 1.0449264752638396, 1.000279891641753, 0.9839770548309491, -0.12058534219674893, 33.23794749769145, 0.8020300751587393, 0.19110478383450027, builtin_interfaces.msg.Time(sec=124, nanosec=671000000), 
0.02392492789906063, 1.0056120219236393, 0.9826889852008065, 0.9907082054072384, -0.031028821903121243, 33.336888309048284, 0.7773831507182764, 0.28730218182752987, builtin_interfaces.msg.Time(sec=124, nanosec=773000000), 
-0.027343586346862674, 1.04572692364553, 0.9625840950676956, 0.9953656010169097, -0.028621287061525415, 33.43391465702413, 0.7432622956611415, 0.3808102835909515, builtin_interfaces.msg.Time(sec=124, nanosec=875000000), 
0.009934852795607248, 1.0807871773460225, 0.9642021896967645, 0.9964469284279182, -0.004745286439673622, 33.530273070278675, 0.7001487661984734, 0.47072103674719146, builtin_interfaces.msg.Time(sec=124, nanosec=977000000), 
0.019114472490757036, 1.0777950160063274, 0.971784167501174, 0.9976450150546833, 0.010016894531983865, 33.627161881246856, 0.6485835780964071, 0.5560587857406789, builtin_interfaces.msg.Time(sec=125, nanosec=79000000), 
-0.01471437012790672, 1.0753594989240947, 0.9769498297404062, 0.9982364655345108, -0.005262006885365196, 33.7246595534808, 0.5889625960375994, 0.6360683960815341, builtin_interfaces.msg.Time(sec=125, nanosec=181000000), 
-0.007697381001387341, 1.0149340625779038, 0.984381445060017, 0.9980798955066709, -0.0067596074203075006, 33.82281383554072, 0.5217883712879825, 0.7099447023510222, builtin_interfaces.msg.Time(sec=125, nanosec=283000000), 
-0.004755336647221167, 1.0983789362995269, 0.9919450549950322, 0.9978994447391002, -0.005513521141377382, 33.92171943684848, 0.44770896791463444, 0.7768719413270169, builtin_interfaces.msg.Time(sec=125, nanosec=385000000), 
-0.039996239514039994, 1.121124865064351, 0.9920099095950344, 0.9974164316310985, -0.026805962355748107, 34.02091795058269, 0.3673728342840404, 0.8361718177505042, builtin_interfaces.msg.Time(sec=125, nanosec=453000000), 
-0.02973942022152432, 1.1005083617223135, 0.9895029257264304, 0.9970319444386161, -0.02857840660118448, 34.11996400141819, 0.28152956564313786, 0.8872435608969849, builtin_interfaces.msg.Time(sec=125, nanosec=555000000), 
-0.26978113645249036, 1.0185774910649614, 1.0079408449478535, 0.9921054324788205, -0.17755990183060705, 34.2200538200669, 0.19098644648608787, 0.9296450078881969, builtin_interfaces.msg.Time(sec=125, nanosec=657000000), 
-0.0658439254862157, 1.1053217757618996, 1.0317052324961902, 0.9874646984585882, -0.10835076363848072, 34.32231662448436, 0.09679998746368004, 0.9627212942190165, builtin_interfaces.msg.Time(sec=125, nanosec=759000000), 
0.03132687264691158, 1.068510032919803, 1.012118418021661, 0.9909030264376468, -0.02185519902137363, 34.42427661602631, 0.00015672327205631421, 0.9859063058393739, builtin_interfaces.msg.Time(sec=125, nanosec=861000000), 
0.0014812126992531875, 1.0725454032809156, 1.0064918876621571, 0.9946067773300507, -0.0073445525755087525, 34.52514071912839, -0.09837099130422082, 0.9991302340784712, builtin_interfaces.msg.Time(sec=125, nanosec=963000000), 
0.01332940765444354, 1.0537401478363135, 0.9947411584523003, 0.9970232813196996, 0.00547546615115189, 34.62506367289017, -0.19793722749919468, 1.002362745720162, builtin_interfaces.msg.Time(sec=126, nanosec=65000000), 
-0.029141114493452504, 1.1021049801073326, 0.9864176113274846, 0.9974072270947628, -0.015903577671173355, 34.72402336523239, -0.2974603310542248, 0.9956368054573512, builtin_interfaces.msg.Time(sec=126, nanosec=167000000), 
0.031349474044208694, 1.0468907721854304, 0.9854219667772813, 0.997830434514157, 0.013310109554947207, 34.822603592147864, -0.3958648325903348, 0.9790966988042119, builtin_interfaces.msg.Time(sec=126, nanosec=269000000), 
-0.015972616952665223, 1.0021070522748714, 0.9842379297167942, 0.998680382436236, -0.004780591966145643, 34.92107261131086, -0.4921824116741269, 0.9529533903754143, builtin_interfaces.msg.Time(sec=126, nanosec=337000000), 
-0.08329114586601906, 1.0981112644434312, 0.9850311400239039, 0.9975181601546564, -0.05327367516245187, 35.01954542737555, -0.5856112370782667, 0.9174213014727487, builtin_interfaces.msg.Time(sec=126, nanosec=439000000), 
-0.03694552828222057, 1.0908574379617002, 0.9862884347433769, 0.996215719187875, -0.04312241360991184, 35.11812624646499, -0.675105097730719, 0.8728684123020205, builtin_interfaces.msg.Time(sec=126, nanosec=541000000), 
-0.019991458291674657, 1.0921249890865699, 0.9867689704765308, 0.9961204355452511, -0.028767051952961732, 35.21678478868092, -0.7596691559738767, 0.8197922276259402, builtin_interfaces.msg.Time(sec=126, nanosec=643000000), 
0.00992381213699877, 1.1364295245418388, 0.9853047777765988, 0.9968297765995519, -0.004813929409583036, 35.31537119364311, -0.8385321637836859, 0.7586857702997588, builtin_interfaces.msg.Time(sec=126, nanosec=745000000), 
0.5160498280741819, 1.1302091900665423, 0.9939795980787253, 1.0015332063454583, 0.3169154405190205, 35.414437804800066, -0.9104721648699087, 0.6904849818601783, builtin_interfaces.msg.Time(sec=126, nanosec=847000000), 
-0.4516751720446387, 1.111407045714701, 1.0078329537903385, 1.0030066413831358, -0.15821433630226434, 35.51469194907674, -0.9757145325263299, 0.6152409368033529, builtin_interfaces.msg.Time(sec=126, nanosec=949000000), 
0.029911046589412568, 1.1002805868907441, 1.007801608966881, 0.9955881814035706, -0.04190129008909885, 35.61547330723915, -1.0335799364681564, 0.5330713190905249, builtin_interfaces.msg.Time(sec=127, nanosec=17000000), 
0.05343664783592071, 1.124174536697884, 1.0009863325211061, 0.9963410479353845, 0.017055315203760732, 35.71583226088722, -1.082498174647412, 0.4461953648812333, builtin_interfaces.msg.Time(sec=127, nanosec=119000000), 
0.04599849833354412, 1.0784156246884165, 0.9975830217639854, 0.9982803576878098, 0.03493214220192663, 35.81572055796711, -1.1224217475710823, 0.3549469071191048, builtin_interfaces.msg.Time(sec=127, nanosec=221000000), 
0.261989434838078, 1.0730556187097404, 1.002966894470096, 0.9999572728954883, 0.1751126100805604, 35.91581160177586, -1.1529202459547763, 0.26040662070623366, builtin_interfaces.msg.Time(sec=127, nanosec=323000000), 
0.49983564013354914, 1.1204563480325425, 1.0099203767004965, 1.0067664441504156, 0.37545218585321144, 36.01653804005872, -1.173653757265061, 0.16380704533636786, builtin_interfaces.msg.Time(sec=127, nanosec=425000000), 
0.5051020782845567, 1.1391766801921221, 1.0086272847763014, 1.0164728754811858, 0.4550399867358731, 36.117450160252794, -1.184539813312183, 0.06564974805630842, builtin_interfaces.msg.Time(sec=127, nanosec=527000000), 
0.025843836114957358, 1.0910155187616377, 1.002294528222012, 1.016517617760884, 0.1892324998077965, 36.21792150285112, -1.1855399179332673, -0.033931282083174016, builtin_interfaces.msg.Time(sec=127, nanosec=629000000), 
-0.03625646830990534, 1.146353053302892, 1.0001992889376219, 1.0102975346066636, 0.049562456162412616, 36.31802146276409, -1.176499844090646, -0.13401565943135899, builtin_interfaces.msg.Time(sec=127, nanosec=731000000), 
-0.5842668837103221, 1.0832204291629302, 1.0015713923841543, 0.9981025586359719, -0.3421281837616142, 36.41812619231445, -1.1575118881620898, -0.2332553916609933, builtin_interfaces.msg.Time(sec=127, nanosec=833000000), 
-0.08401965877091173, 1.045718104593656, 0.9965259939360488, 0.9883483297477021, -0.1823267020430877, 36.51797150878009, -1.1287216492618863, -0.3299335972853848, builtin_interfaces.msg.Time(sec=127, nanosec=901000000), 
-0.007149606149620971, 1.1070086211873178, 0.991162698611498, 0.9895759606150628, -0.07382155741624438, 36.61729263829347, -1.0908703661769539, -0.42220312127671766, builtin_interfaces.msg.Time(sec=128, nanosec=3000000), 
-0.08677304174084255, 1.118548739205806, 0.99196439382803, 0.9923033266434326, -0.081647536471395, 36.71645845564386, -1.044122747597075, -0.5101476132634195, builtin_interfaces.msg.Time(sec=128, nanosec=105000000), 
-0.5927181134473731, 1.1407626963297148, 1.000555514059708, 0.9866311941102386, -0.3971990301264089, 36.81618585545712, -0.9886043350276148, -0.5936042663838818, builtin_interfaces.msg.Time(sec=128, nanosec=207000000), 
0.5357464256757669, 1.1727167130848188, 1.0163886837991774, 0.9880414093314149, 0.17960775179523258, 36.917219950567954, -0.9253277675162342, -0.6705455515515597, builtin_interfaces.msg.Time(sec=128, nanosec=309000000), 
-0.0159528438276535, 1.1101465239090074, 1.0027510019372958, 0.9990643768019926, 0.05872824174455506, 37.01801596385603, -0.8552973333517833, -0.7401067091529733, builtin_interfaces.msg.Time(sec=128, nanosec=411000000), 
-0.028358126982441865, 1.0821302164663167, 1.002582134091327, 0.9996773447186333, 0.004861722333385693, 37.118280627442914, -0.7778173383246977, -0.8029000841680052, builtin_interfaces.msg.Time(sec=128, nanosec=479000000), 
-0.005762645954494362, 1.0647471035667444, 0.9921178373205698, 0.99850947625695, -0.001727088331708336, 37.21789211174478, -0.6943111054378263, -0.857705214107954, builtin_interfaces.msg.Time(sec=128, nanosec=581000000), 
-0.0022345254700090605, 1.0581136103242543, 0.9916446681133767, 0.9980651502121882, -0.0020450532054072813, 37.31707465201159, -0.6058136713862782, -0.9039142023708511, builtin_interfaces.msg.Time(sec=128, nanosec=683000000), 
-0.015424077241683671, 1.0754578834504585, 0.9932671270442696, 0.9978710951650822, -0.01030662618626204, 37.41633939229939, -0.5131822088770217, -0.941134363569327, builtin_interfaces.msg.Time(sec=128, nanosec=785000000), 
0.04346197791762319, 1.1233080730825629, 0.9911826474909764, 0.9988511480512995, 0.022930465175678136, 37.51553727708254, -0.4173253312812063, -0.9689827185479546, builtin_interfaces.msg.Time(sec=128, nanosec=887000000), 
0.005778423027418794, 1.0963137556862717, 0.9889559918989819, 0.9993227912167004, 0.012307873300516421, 37.61451792694792, -0.3191992310181882, -0.9871979951959376, builtin_interfaces.msg.Time(sec=128, nanosec=989000000), 
-0.019390852255363, 1.1000197475561169, 0.9878177585083769, 0.9988796673121254, -0.007295010630817271, 37.71334317944556, -0.21967350957659662, -0.9956376758358604, builtin_interfaces.msg.Time(sec=129, nanosec=91000000), 
-0.041934420962694716, 1.1110784488042331, 0.98722008545946, 0.9978642186187803, -0.028690230784765763, 37.81208801707056, -0.11975519394523274, -0.9942215867059355, builtin_interfaces.msg.Time(sec=129, nanosec=193000000), 
0.005559202337393401, 1.1472644751005887, 1.0116125091256232, 0.994980391951214, -0.007540937197034834, 37.91231756030587, -0.02066344695508843, -0.9829716633755735, builtin_interfaces.msg.Time(sec=129, nanosec=295000000), 
0.10890774080620616, 1.1295503513837128, 1.0311909386839406, 0.9970430533476409, 0.06441574620700335, 38.01468882470977, 0.07655706626141065, -0.9619101777859101, builtin_interfaces.msg.Time(sec=129, nanosec=363000000), 
0.019376367242524162, 1.076667718134592, 1.0025213072899426, 0.9995910975198142, 0.03653709520491537, 38.116036037913524, 0.17118137447970735, -0.9310108493577822, builtin_interfaces.msg.Time(sec=129, nanosec=465000000), 
0.03174265459741084, 1.093595477369679, 1.003137408202384, 0.9996317153566103, 0.03351506944854942, 38.21632624577296, 0.2623782159077507, -0.8906070071287859, builtin_interfaces.msg.Time(sec=129, nanosec=567000000), 
0.05499811322819109, 1.0723781608460237, 1.0006960610641376, 0.9998938668013249, 0.046728687573546174, 38.31648910304222, 0.3490630248522545, -0.8412762878227175, builtin_interfaces.msg.Time(sec=129, nanosec=669000000), 
0.034573580486833864, 1.0578685376619767, 0.9948868937814557, 1.000342484846209, 0.03915095498271881, 38.41619968286594, 0.43039270811018265, -0.7835194310871367, builtin_interfaces.msg.Time(sec=129, nanosec=771000000), 
0.04052963390291371, 1.0148556121902086, 0.9882471162079963, 1.00050801761634, 0.03993860566384493, 38.515278011422275, 0.5056070054343047, -0.717919042733739, builtin_interfaces.msg.Time(sec=129, nanosec=839000000), 
0.02484364745732963, 0.9860185802242174, 0.9822961421810342, 1.0005131249724248, 0.03054947142516757, 38.61373493262159, 0.5739855055562676, -0.6451807631272122, builtin_interfaces.msg.Time(sec=129, nanosec=941000000), 
0.00931192736402979, 1.0324775615185033, 0.9891721106925652, 1.0000293332285306, 0.01737484280759745, 38.712389505064266, 0.6349085255783884, -0.5660447855602297, builtin_interfaces.msg.Time(sec=130, nanosec=43000000), 
-0.021600516688785612, 1.0600105780219868, 0.9937833204733796, 0.9991140997426939, -0.006738102863489817, 38.8115917045709, 0.6877653914968987, -0.4812665972957509, builtin_interfaces.msg.Time(sec=130, nanosec=111000000), 
-0.022659002938236895, 1.0743099754274463, 0.9955607160318104, 0.9980942420285128, -0.01657537974225736, 38.91107988570489, 0.7319742530718442, -0.39166216532343495, builtin_interfaces.msg.Time(sec=130, nanosec=213000000), 
-0.010367451894700397, 1.1201110869641875, 0.9931543455617089, 0.9978063342426915, -0.012718620211920467, 39.01048723543407, 0.7670543798306734, -0.29814237569809665, builtin_interfaces.msg.Time(sec=130, nanosec=315000000), 
-0.019784747272769618, 1.1028734435249845, 0.9897306942236571, 0.9976808627304893, -0.017062583987922167, 39.10959107670098, 0.7926766893976224, -0.20162286542250085, builtin_interfaces.msg.Time(sec=130, nanosec=417000000), 
-0.026619293051546797, 1.0743948417800617, 1.003039765207295, 0.995679964152378, -0.02296900286328391, 39.209386691946, 0.8086033116507746, -0.10313628967998688, builtin_interfaces.msg.Time(sec=130, nanosec=519000000), 
-0.260089595633967, 1.0593570358818611, 1.0228091213069792, 0.9910736662830159, -0.16943380635235786, 39.31091248186726, 0.8146808046681807, -0.003498581031832117, builtin_interfaces.msg.Time(sec=130, nanosec=621000000), 
-0.030397385885260603, 1.1340045208485474, 1.0213411990589227, 0.9895633513369112, -0.08331449977450216, 39.413102671413746, 0.810618196033187, 0.09623700390599262, builtin_interfaces.msg.Time(sec=130, nanosec=723000000), 
0.026799082091685057, 1.0676912547581277, 1.0012960692057435, 0.9928924479358472, -0.01511957979878703, 39.51399793416382, 0.796442146397863, 0.19470681282391245, builtin_interfaces.msg.Time(sec=130, nanosec=791000000), 
0.031868770668224605, 1.093004925783371, 1.0008244920527951, 0.9958190996231565, 0.013971851516617385, 39.61409839601351, 0.772406777687693, 0.2912416385482506, builtin_interfaces.msg.Time(sec=130, nanosec=893000000), 
-0.013699109701204483, 1.0685187759945485, 0.999365640128841, 0.997314828949106, -0.0031137130234848813, 39.71409068321144, 0.7387925056863602, 0.38503417292666636, builtin_interfaces.msg.Time(sec=130, nanosec=995000000), 
0.07267208893491194, 1.03870975497255, 0.982805561979268, 0.998663407517672, 0.04371337293457943, 39.81300377810904, 0.6959382103060952, 0.4750612461362823, builtin_interfaces.msg.Time(sec=131, nanosec=97000000), 
-0.03749749869344429, 1.0512951299189874, 1.013813267639612, 0.9972084344486148, -0.006534561754425627, 39.9132007159081, 0.6444380836298689, 0.5603668143185807, builtin_interfaces.msg.Time(sec=131, nanosec=199000000), 
-0.022890448607637615, 1.1123208702179608, 1.034143080004985, 0.9964448215989056, -0.016636441827659915, 40.01583849417473, 0.5846122243950199, 0.6401741958779137, builtin_interfaces.msg.Time(sec=131, nanosec=267000000), 
-0.04097912154798805, 1.0460855305405496, 1.0107316446879526, 0.996545772637668, -0.03163843604723762, 40.11780589590009, 0.5168958232186668, 0.7134757600714794, builtin_interfaces.msg.Time(sec=131, nanosec=369000000), 
-0.1535418607849256, 1.038735522944723, 0.994813563546981, 0.9949640229597543, -0.10688877263693138, 40.2178952688508, 0.44196143703224694, 0.7796254401706796, builtin_interfaces.msg.Time(sec=131, nanosec=471000000), 
-0.0434309657750682, 1.0645719320997604, 0.9890754002028735, 0.9937956371211951, -0.06754086149234027, 40.31702198720754, 0.3607728844893264, 0.8379594892195437, builtin_interfaces.msg.Time(sec=131, nanosec=573000000), 
-0.04464009687121373, 1.0441346284969801, 0.987512425678188, 0.9943585965751955, -0.05327497607369762, 40.41583293008984, 0.2743689485128562, 0.8878804214167463, builtin_interfaces.msg.Time(sec=131, nanosec=641000000), 
-0.07574118320714304, 1.1109044531013257, 0.9870874650272772, 0.9945613337500455, -0.0670542423399623, 40.51455790864505, 0.1834419513562817, 0.9290458096932899, builtin_interfaces.msg.Time(sec=131, nanosec=743000000), 
-0.04014438515082712, 1.0767091650803104, 0.9869003324615654, 0.9945594621038006, -0.050323104525885134, 40.61325508971918, 0.08888937145838498, 0.9610461451352602, builtin_interfaces.msg.Time(sec=131, nanosec=845000000), 
-0.04174543568415187, 1.137453572920836, 1.0033901490326314, 0.9929603574305228, -0.0449679341127253, 40.712964249676254, -0.008193076057676201, 0.9835274936898261, builtin_interfaces.msg.Time(sec=131, nanosec=947000000), 
0.7942350803095936, 1.1890222454822583, 1.0291517312621021, 1.0028758192114258, 0.4734975342368553, 40.8148954179217, -0.10617843993685204, 0.9959942061875273, builtin_interfaces.msg.Time(sec=132, nanosec=49000000), 
0.19027479315038198, 1.1115201530894814, 1.0160184194732802, 1.014378561760847, 0.29799415515441774, 40.916998907740876, -0.2047175671811969, 0.9984616461477285, builtin_interfaces.msg.Time(sec=132, nanosec=117000000), 
0.06027249999449797, 1.0569451593890948, 1.0058861157393335, 1.0130232588965886, 0.15066810897854352, 41.01797453887901, -0.3043527655250278, 0.990776565215404, builtin_interfaces.msg.Time(sec=132, nanosec=219000000), 
0.0903849579241386, 1.0726351561710366, 0.9930309327251373, 1.0089071294042922, 0.11311643249698142, 41.117768656449506, -0.4030023435288574, 0.9730427092893968, builtin_interfaces.msg.Time(sec=132, nanosec=321000000), 
0.10779126449181796, 1.023530202007533, 0.9809623782172581, 1.0065054339648518, 0.10959507287999495, 41.21632587203392, -0.49923418397726177, 0.9456243460889138, builtin_interfaces.msg.Time(sec=132, nanosec=423000000), 
0.08187237302908497, 1.0306216611839614, 0.9808158239640948, 1.0050603641407383, 0.09226513285388223, 41.31441305230469, -0.5921904508841265, 0.9089243847557851, builtin_interfaces.msg.Time(sec=132, nanosec=525000000), 
0.11227778735253958, 1.0325977683382483, 0.9824566738342919, 1.0044231886537607, 0.10445566839392843, 41.41259604480012, -0.6810444426002534, 0.8633290452770873, builtin_interfaces.msg.Time(sec=132, nanosec=593000000), 
0.08850089579864041, 1.0513650488484918, 0.9840535773507333, 1.0043633788477797, 0.09442486928925259, 41.51094040624854, -0.7649676491777375, 0.8092707690080043, builtin_interfaces.msg.Time(sec=132, nanosec=695000000), 
0.07398669229900491, 1.033807556535919, 0.9840708901884841, 1.0039534673647683, 0.08163659388037342, 41.60934683397583, -0.8432120803819371, 0.7472104676270928, builtin_interfaces.msg.Time(sec=132, nanosec=797000000), 
0.09107681602316162, 1.1037655177626673, 0.9836115431944327, 1.003655537461108, 0.08732231333037956, 41.70772553378918, -0.9149757830581504, 0.6777664955982448, builtin_interfaces.msg.Time(sec=132, nanosec=865000000), 
0.04459296076564315, 1.0839423766112923, 0.9828075802177187, 1.0032566160616552, 0.060781152320993896, 41.80603700046409, -0.9795884900555156, 0.6016023583838069, builtin_interfaces.msg.Time(sec=132, nanosec=967000000), 
0.05557335633845214, 1.0916275948932794, 0.9818695402669284, 1.0025351381753898, 0.057449735177033785, 41.90425978442862, -1.0364369836441132, 0.5194317750840514, builtin_interfaces.msg.Time(sec=133, nanosec=69000000), 
0.058389426931357125, 1.0668452796118835, 0.9965440688354482, 1.0009335795457357, 0.05790519266296684, 42.00335367419773, -1.0848943209099187, 0.43218210912826854, builtin_interfaces.msg.Time(sec=133, nanosec=171000000), 
-0.6041280704799893, 1.1152797177244247, 1.0180850711146625, 0.9942583154279355, -0.35112219334342065, 42.10433938823731, -1.1248398004042253, 0.3400298233271281, builtin_interfaces.msg.Time(sec=133, nanosec=239000000), 
0.5864727791927729, 1.1995058028442036, 1.0265342124115935, 0.9906317322814889, 0.22839187751725787, 42.2066700809985, -1.1549388352175929, 0.24489347424951802, builtin_interfaces.msg.Time(sec=133, nanosec=341000000), 
0.002801873094068756, 1.1297725161057968, 1.0072615057393803, 1.001722799655413, 0.08888702500905668, 42.308132383461796, -1.1750213562735972, 0.1482357526928027, builtin_interfaces.msg.Time(sec=133, nanosec=443000000), 
-0.016036833354467317, 1.1001663139866986, 0.9954615888727796, 1.0020617200778574, 0.023949689519529818, 42.40812925906694, -1.185311305629349, 0.04894248482467139, builtin_interfaces.msg.Time(sec=133, nanosec=545000000), 
-0.04957327026898083, 1.086450056294507, 0.9905853817117922, 0.9999815434848157, -0.02152788677140858, 42.50737405177805, -1.1856470713993044, -0.05111240858700823, builtin_interfaces.msg.Time(sec=133, nanosec=647000000), 
-0.05743005986961427, 1.102747920148387, 0.9886311768450066, 0.9978109872085268, -0.04369832577392247, 42.60631181344636, -1.176076227184499, -0.15071062659351595, builtin_interfaces.msg.Time(sec=133, nanosec=715000000), 
0.2140696287213835, 1.0767181205076939, 0.9937575595982321, 0.9992801337496576, 0.11557650419486187, 42.70549175900894, -1.1567443659722678, -0.24852607179836872, builtin_interfaces.msg.Time(sec=133, nanosec=817000000), 
-0.042284219187230965, 1.176337330804176, 1.0203458335914, 0.9985950581377714, 0.017887108059373602, 42.80651076067177, -1.1279156987934293, -0.34369909368875, builtin_interfaces.msg.Time(sec=133, nanosec=919000000), 
-0.009690284368187987, 1.1327653980227887, 1.0063648740802416, 0.9983813911819411, 0.0008236293299560826, 42.90768127321359, -1.089515717716391, -0.4357975542669423, builtin_interfaces.msg.Time(sec=134, nanosec=21000000), 
0.07343666098884921, 1.0649782853750211, 1.0057832160403313, 0.9987756572321524, 0.0456685783376989, 43.00828181217776, -1.0420222571900806, -0.5234995186136542, builtin_interfaces.msg.Time(sec=134, nanosec=123000000), 
0.07271961832602955, 1.133064168056873, 0.9927027730909399, 1.0005995252887983, 0.06232640338260583, 43.10805171794873, -0.9859992370768131, -0.6059282305147612, builtin_interfaces.msg.Time(sec=134, nanosec=225000000), 
0.07538544394965573, 1.037152193816304, 0.9751405042797598, 1.0024171369398218, 0.07031554860650734, 43.20623658735334, -0.9219755926822475, -0.6824442262813789, builtin_interfaces.msg.Time(sec=134, nanosec=293000000), 
0.0064206325121357495, 1.034627280247412, 0.9724683862109813, 1.0016734885454963, 0.03072736804819478, 43.303585491802465, -0.850687256031304, -0.752391602812684, builtin_interfaces.msg.Time(sec=134, nanosec=395000000), 
0.012934370313567829, 1.0408380450481616, 0.9743861718413181, 1.0004591170623105, 0.019667084419269308, 43.40095085609383, -0.7728920467074233, -0.8151205063096131, builtin_interfaces.msg.Time(sec=134, nanosec=463000000), 
0.007612524525729624, 1.0650751653920523, 0.977418202833453, 0.9998011252430854, 0.012178617361683353, 43.49857686309877, -0.6893946106799835, -0.8699776773723893, builtin_interfaces.msg.Time(sec=134, nanosec=565000000), 
-0.006535731992534183, 1.0663176584524765, 0.979299713227298, 0.9991997828460654, 0.0005913144245027497, 43.59643496711947, -0.6009545643675344, -0.9164363022967118, builtin_interfaces.msg.Time(sec=134, nanosec=633000000), 
-0.00859216022613361, 1.119728377917848, 0.9797874700994669, 0.9986509121416064, -0.005089950503834543, 43.694395083474724, -0.508401349648784, -0.9540334352476397, builtin_interfaces.msg.Time(sec=134, nanosec=701000000), 
-0.021853804991957562, 1.0897573219181094, 0.9877461434043014, 0.9980372917233775, -0.01544366281138356, 43.792865703545445, -0.41262665811790583, -0.9823982553169608, builtin_interfaces.msg.Time(sec=134, nanosec=803000000), 
0.07683990890055213, 1.1986383262879823, 0.9913534603164321, 0.9984370462021573, 0.04157587454019894, 43.89186326233186, -0.31464084058591096, -1.0011734253675348, builtin_interfaces.msg.Time(sec=134, nanosec=905000000), 
-0.05557756371012401, 1.1141188575198466, 0.9911134014933742, 0.9990631704836683, -0.01847784805916905, 43.99098377191231, -0.21525905401727727, -1.0101921834885774, builtin_interfaces.msg.Time(sec=134, nanosec=939000000), 
-0.03440822930270326, 1.0936563955323322, 0.9894253460523175, 0.9978557358242135, -0.028304220961626946, 44.0899907844979, -0.11529070977219068, -1.009329365743739, builtin_interfaces.msg.Time(sec=135, nanosec=7000000), 
-0.05770510504913494, 1.1157315636562053, 0.9896590691638114, 0.9956448873192767, -0.04644918693696273, 44.188947763985816, -0.01599586610467882, -0.9986027094067876, builtin_interfaces.msg.Time(sec=135, nanosec=75000000), 
-0.19439551473493696, 1.097731446094507, 1.0104046353562153, 0.9923022443902243, -0.13778616574669272, 44.289195817404476, 0.08177717332978679, -0.9781408242578691, builtin_interfaces.msg.Time(sec=135, nanosec=177000000), 
-0.01702544896594722, 1.1438719948490037, 1.0336836368075817, 0.989089112668908, -0.06303508319248873, 44.3916750023522, 0.17679854559583305, -0.9480427681129964, builtin_interfaces.msg.Time(sec=135, nanosec=279000000), 
0.0817544089256005, 1.0769901249639824, 1.0096025482314324, 0.9935787240187666, 0.026558000537341378, 44.49355507291035, 0.26792201026757506, -0.9085167793230873, builtin_interfaces.msg.Time(sec=135, nanosec=381000000), 
-0.002020843783158564, 1.0939828398621922, 1.0046094894749245, 0.9969445342918213, 0.008922193106740844, 44.594206739731554, 0.3546586251166907, -0.8598664526257208, builtin_interfaces.msg.Time(sec=135, nanosec=483000000), 
0.03473584641275856, 1.0671995256777544, 1.0005981904515593, 0.9981638579026231, 0.024868073506065493, 44.6944197767655, 0.43624250200125747, -0.8026087059776811, builtin_interfaces.msg.Time(sec=135, nanosec=585000000), 
-0.05813076473924669, 1.0650984933628664, 0.9877440144949055, 0.9981416886474965, -0.026427596736150395, 44.7936851640468, 0.5117950504726827, -0.7373999819715399, builtin_interfaces.msg.Time(sec=135, nanosec=687000000), 
-0.029255998661730922, 1.0351337608835864, 0.9838667542991638, 0.9970885968455474, -0.028147169669130924, 44.89221993763787, 0.5805911880107673, -0.6649409873739646, builtin_interfaces.msg.Time(sec=135, nanosec=789000000), 
-0.048557137162402314, 1.0593731792151238, 0.9839037290659804, 0.9965578397305622, -0.040711830437838326, 44.99060889823404, 0.6419096790160483, -0.5860958022142655, builtin_interfaces.msg.Time(sec=135, nanosec=891000000), 
-0.13973856180814967, 1.0126719869437664, 0.9832336640218294, 0.9955646021955156, -0.1018100471585561, 45.08895785884345, 0.6952701378176189, -0.5015113702831694, builtin_interfaces.msg.Time(sec=135, nanosec=993000000), 
-0.057128098513831244, 1.1206661805817297, 0.984290310876074, 0.9940279274869974, -0.07407139945844556, 45.18734652961264, 0.7400599601524859, -0.4120915288092631, builtin_interfaces.msg.Time(sec=136, nanosec=61000000), 
-0.067262201212691, 1.0701984480045859, 0.9856755266878314, 0.9940137467216679, -0.06974101089898346, 45.28586117174559, 0.7757926270528801, -0.3188613768992015, builtin_interfaces.msg.Time(sec=136, nanosec=163000000), 
0.0036801456804804455, 1.0819497821528887, 0.9862475043825907, 0.9948005138757898, -0.02427047571591104, 45.38446407457999, 0.8021468705632788, -0.2226525874936875, builtin_interfaces.msg.Time(sec=136, nanosec=265000000), 
-0.027731206103636902, 1.118712688912414, 0.9869660247206764, 0.9959654005897101, -0.02634650288114192, 45.4831332320173, 0.8188942450996303, -0.12436378520497514, builtin_interfaces.msg.Time(sec=136, nanosec=333000000), 
0.48843497626847415, 1.1692688809829153, 0.99520131280154, 1.0001351799918416, 0.29165448467684274, 45.582338803283484, 0.8257463790327252, -0.025448361032000762, builtin_interfaces.msg.Time(sec=136, nanosec=435000000), 
0.4722644814577889, 1.189998557969469, 1.0191098480402128, 1.0092220414272037, 0.4028427685254804, 45.683336563303506, 0.8227559675581881, 0.07299090481610992, builtin_interfaces.msg.Time(sec=136, nanosec=537000000), 
-0.04255325968715635, 1.1100885609176148, 1.020779424576596, 1.0124490093762506, 0.12717435894395646, 45.785350733612155, 0.8097996002793738, 0.1715442951590427, builtin_interfaces.msg.Time(sec=136, nanosec=605000000), 
0.044286807406145684, 1.097102319020142, 1.0049098257636824, 1.007227912201283, 0.07568526415895635, 45.88644788092439, 0.7866668721699418, 0.26912706886453036, builtin_interfaces.msg.Time(sec=136, nanosec=707000000), 
0.0972686209747508, 1.0979450503496284, 0.9957123558433484, 1.0044146536212308, 0.08883692985945843, 45.98637042859863, 0.7538870821186734, 0.3636573465369871, builtin_interfaces.msg.Time(sec=136, nanosec=809000000), 
0.05417706596183992, 1.1327485896218363, 0.9922889650624145, 1.0033888327799716, 0.06726557641873152, 46.08573008699703, 0.7119198207966725, 0.45430788894386936, builtin_interfaces.msg.Time(sec=136, nanosec=911000000), 
0.06812520233294103, 1.0834210407147453, 0.9914965346015732, 1.002616887346345, 0.06766901006990218, 46.18491000860742, 0.6611763735484042, 0.5403367201139254, builtin_interfaces.msg.Time(sec=137, nanosec=13000000), 
0.06547427564481792, 1.1186411063947623, 0.9906025004437252, 1.0023388207613504, 0.06619403532267394, 46.28400440771791, 0.6021921037929346, 0.6208838823128456, builtin_interfaces.msg.Time(sec=137, nanosec=115000000), 
0.09597714541054801, 1.22684660159718, 0.9964835701837801, 1.0009463324850547, 0.0844494373164143, 46.38342812786124, 0.5356146848469071, 0.6950892656430855, builtin_interfaces.msg.Time(sec=137, nanosec=217000000), 
-0.39525407594078676, 1.1769153667838193, 1.0087156454790442, 0.9972179907999927, -0.2119815896019388, 46.48383246870816, 0.46172244582021915, 0.7626934691166145, builtin_interfaces.msg.Time(sec=137, nanosec=319000000), 
0.16706242785478823, 1.1862729673858285, 1.0059565778460635, 0.9934204685380014, 0.02237948183451441, 46.58453351349861, 0.3813865492105598, 0.8224982146289219, builtin_interfaces.msg.Time(sec=137, nanosec=421000000), 
0.0409123815569243, 1.0990417272164574, 0.9944036808110222, 0.9973897570853721, 0.033853244076549105, 46.684415162979604, 0.2960842922196395, 0.8735594060311125, builtin_interfaces.msg.Time(sec=137, nanosec=523000000), 
0.43056023396656096, 1.0905616806923648, 0.989986932425645, 1.003337688798205, 0.2788693734163248, 46.78358256099852, 0.2062501408821823, 0.9157145152308145, builtin_interfaces.msg.Time(sec=137, nanosec=591000000), 
-0.43380739298391635, 1.1309460881350752, 0.99346829979238, 1.0018872305057316, -0.16171779105260647, 46.88279641457708, 0.11225081971632163, 0.949037173001664, builtin_interfaces.msg.Time(sec=137, nanosec=693000000), 
-0.009177603147490263, 1.110531733218459, 0.9944385547293345, 0.9954927545700275, -0.06735579352962909, 46.982203209609196, 0.014628140585798487, 0.9730454517148394, builtin_interfaces.msg.Time(sec=137, nanosec=795000000), 
-0.022716080244911847, 1.134806625046544, 0.9902612249485525, 0.9953356101040267, -0.03967832604390537, 47.08138889190346, -0.08424563160222769, 0.9871644396131989, builtin_interfaces.msg.Time(sec=137, nanosec=897000000), 
-0.033719922564887476, 1.1235146484501093, 0.9898177039785716, 0.9958780016163864, -0.035922293396197465, 47.180387603294896, -0.18395411115732474, 0.9914201635138619, builtin_interfaces.msg.Time(sec=137, nanosec=999000000), 
-0.07397202728051021, 1.155471738472365, 0.9984839190198153, 0.9940367320760269, -0.05938883339451689, 47.279904975237685, -0.28355410799713376, 0.9858012068623518, builtin_interfaces.msg.Time(sec=138, nanosec=101000000), 
0.3596367554201182, 1.0649463166606745, 1.009240467861003, 0.9967920001536927, 0.19951354371823032, 47.380418158418216, -0.38157573219075674, 0.9703292077310796, builtin_interfaces.msg.Time(sec=138, nanosec=203000000), 
0.7353848318502705, 1.1804498788569087, 1.0234227070930764, 1.0079617505409773, 0.5302730043150267, 47.48221871579251, -0.4765722398939491, 0.9452635546762318, builtin_interfaces.msg.Time(sec=138, nanosec=271000000), 
0.01967598549092827, 1.092705609753609, 1.0106258865136641, 1.0163993591690883, 0.21421401880578628, 47.58377009949522, -0.5691911568793789, 0.9105116074011501, builtin_interfaces.msg.Time(sec=138, nanosec=339000000), 
0.11821157985455041, 1.0258117088730199, 1.0019306982548093, 1.0122977106538673, 0.1544974220926741, 47.68429529595833, -0.6589835084036134, 0.8659522187278579, builtin_interfaces.msg.Time(sec=138, nanosec=407000000), 
0.05763432549845843, 1.0528421182751508, 0.9856992235427521, 1.0086681670455702, 0.0943588347764833, 47.78348520547785, -0.7438511966705998, 0.8126356037728356, builtin_interfaces.msg.Time(sec=138, nanosec=509000000), 
0.052484873939952506, 1.0300172340436378, 0.9804386460248273, 1.0050500578544472, 0.0682792427070866, 47.88173000626147, -0.8229606074465018, 0.7512391591180622, builtin_interfaces.msg.Time(sec=138, nanosec=577000000), 
0.004335398176827706, 1.064276660262528, 0.9828920927779468, 1.0025702083142836, 0.02863480996013959, 47.979925502212254, -0.8956094056736096, 0.6824587740914235, builtin_interfaces.msg.Time(sec=138, nanosec=679000000), 
0.037688407006947755, 1.056859536856479, 0.9856136473806525, 1.0010190052802665, 0.034150538835370496, 48.07838291281472, -0.9611211583364231, 0.6069430497321178, builtin_interfaces.msg.Time(sec=138, nanosec=781000000), 
0.0032717802204806166, 1.039274833109641, 0.986523775661218, 1.0002329280482132, 0.015011059868527483, 48.177000526573934, -1.018856219229809, 0.52541996194175, builtin_interfaces.msg.Time(sec=138, nanosec=849000000), 
-0.021455944420181207, 1.0699537641430334, 0.9862243630099872, 0.9991843354788795, -0.007551188087047942, 48.27563439942054, -1.0683060797647779, 0.4385845393586422, builtin_interfaces.msg.Time(sec=138, nanosec=951000000), 
0.044659707169064075, 1.0380382123084841, 0.985116022429886, 0.9991647104075252, 0.024702328584158984, 48.37418833650658, -1.10893795530546, 0.3473469425224791, builtin_interfaces.msg.Time(sec=139, nanosec=53000000), 
-0.028232048541972005, 1.0991619595430329, 0.9859540825762134, 0.9991547566002704, -0.008027591191945318, 48.47275173371507, -1.1403971640564432, 0.25257879609880124, builtin_interfaces.msg.Time(sec=139, nanosec=155000000), 
-0.29315431420101834, 1.222457898534125, 0.9982559932442481, 0.9936442253399626, -0.18417765718371465, 48.57210744186464, -1.1624711472283196, 0.1549388228224486, builtin_interfaces.msg.Time(sec=139, nanosec=257000000), 
-0.021613130223423045, 1.1588137680946782, 1.0172494836008315, 0.9888920345432688, -0.08355941691982116, 48.6731069034496, -1.1747068300453332, 0.055762652340923494, builtin_interfaces.msg.Time(sec=139, nanosec=359000000), 
-0.04624336206506421, 0.923801990541536, 1.011646812040199, 0.9915489766801704, -0.06032907913808813, 48.77448558766446, -1.176887247909809, -0.043713358856898886, builtin_interfaces.msg.Time(sec=139, nanosec=427000000), 
-0.025844810105995555, 1.0836750086172076, 1.0041190682340588, 0.9934197016984637, -0.03890023779934075, 48.8751850287154, -1.1689717389313978, -0.14297854354174233, builtin_interfaces.msg.Time(sec=139, nanosec=495000000), 
-0.003357951737716594, 1.0840433715313516, 0.9992144863539716, 0.9950506298228973, -0.016858536258433903, 48.975293815708554, -1.15110107758775, -0.24098253304233236, builtin_interfaces.msg.Time(sec=139, nanosec=597000000), 
-0.04223376082021425, 0.9814182075542883, 0.9968793899431799, 0.9959252721330117, -0.03248462036896829, 49.07507094744906, -1.123503331963401, -0.336790834739409, builtin_interfaces.msg.Time(sec=139, nanosec=665000000), 
0.029184267438008876, 1.1319308567647426, 0.9939096786450784, 0.9969581990980517, 0.005669594552149548, 49.174575348191475, -1.0864709768175649, -0.42941321475747013, builtin_interfaces.msg.Time(sec=139, nanosec=767000000), 
-0.06737420066970272, 1.0191322316283702, 0.99057549697859, 0.9973721029911071, -0.03943865870235847, 49.273760252296526, -1.0404040772940364, -0.5179545344799176, builtin_interfaces.msg.Time(sec=139, nanosec=869000000), 
-0.025888918619333588, 1.0960816743013169, 0.9886267692883236, 0.9966624139805885, -0.03101654025747124, 49.37269736399965, -0.9857348833873477, -0.601583085343652, builtin_interfaces.msg.Time(sec=139, nanosec=971000000), 
-0.05580278176968527, 1.091709418568179, 0.9881109951926963, 0.9962455175748772, -0.046276807203255804, 49.47152816433632, -0.9231024489349695, -0.6793747266044753, builtin_interfaces.msg.Time(sec=140, nanosec=73000000), 
0.11398987820428547, 1.1393482958351278, 0.9926351887437581, 0.9957657032738113, 0.052760776611069385, 49.57061887439421, -0.853260198580467, -0.7503978630005838, builtin_interfaces.msg.Time(sec=140, nanosec=175000000), 
-0.5648306944446115, 1.1496525238175317, 1.0144119681573756, 0.9901907717421622, -0.3287956930813476, 49.6712282722529, -0.7765430690181719, -0.8144563018600577, builtin_interfaces.msg.Time(sec=140, nanosec=277000000), 
0.006187856456737615, 1.157535388976337, 1.0050447318432962, 0.9855457872211036, -0.1214585626299364, 49.772090542026355, -0.6935535132231924, -0.870579349735663, builtin_interfaces.msg.Time(sec=140, nanosec=379000000), 
0.04397393940837997, 1.1083232258559947, 0.9924385724573442, 0.9900346865695464, -0.01901885827939165, 49.871815911713874, -0.606114763245212, -0.9176318398810687, builtin_interfaces.msg.Time(sec=140, nanosec=447000000), 
0.022070473532068705, 1.095369637736587, 0.9853012273064833, 0.9945308360379989, 0.006463129765914923, 49.97061865677034, -0.5143923729798295, -0.9557451747813932, builtin_interfaces.msg.Time(sec=140, nanosec=549000000), 
0.020825407661966184, 1.0390415015072283, 0.9826271998396516, 0.9970838918672174, 0.015364449752138453, 50.06898351551486, -0.419144158540141, -0.9846780243831799, builtin_interfaces.msg.Time(sec=140, nanosec=651000000), 
0.03165640366341558, 1.0732536823155636, 0.9825374548082323, 0.9985743020861442, 0.02542419659456352, 50.16724068895085, -0.32138331578759705, -1.0041355084709507, builtin_interfaces.msg.Time(sec=140, nanosec=753000000), 
0.0413897936835909, 1.0918853280449026, 0.9822521178451622, 0.999559395061651, 0.03525673652707406, 50.26547679963753, -0.22212777640093145, -1.0139090626496847, builtin_interfaces.msg.Time(sec=140, nanosec=855000000), 
0.021098579628693135, 1.1100886443464615, 0.9815288658009943, 1.0000394673254238, 0.0264621153267343, 50.363657311987474, -0.12233434162602233, -1.0139013342966474, builtin_interfaces.msg.Time(sec=140, nanosec=957000000), 
0.29201896152642326, 1.0434291271485479, 0.99436175792301, 1.0012493662348112, 0.19042309813273917, 50.46260331491811, -0.02334661537187811, -1.0040928175832564, builtin_interfaces.msg.Time(sec=141, nanosec=59000000), 
0.12125778205801863, 1.1330615366020236, 1.0115930487283809, 1.005635087114464, 0.1474634518681227, 50.563104443049184, 0.07406636267618759, -0.9845973939496958, builtin_interfaces.msg.Time(sec=141, nanosec=127000000), 
0.015950295744384713, 1.0882094984408461, 1.0172238541977845, 1.0050493436443442, 0.06599159086210155, 50.66461175083843, 0.16951409172909535, -0.9552889518500274, builtin_interfaces.msg.Time(sec=141, nanosec=195000000), 
-0.013922557984216636, 1.103837325186458, 0.9995978100852911, 1.0026922221095087, 0.016491224474142877, 50.76524478682334, 0.26173131677592926, -0.9163761305511448, builtin_interfaces.msg.Time(sec=141, nanosec=297000000), 
-0.04260390535873536, 1.0949185009453333, 0.9923014504495027, 1.0000890949846797, -0.02007316073595817, 50.86475362800696, 0.34959400101266624, -0.8683993650034358, builtin_interfaces.msg.Time(sec=141, nanosec=399000000), 
-0.09472517849699391, 1.1201388090977917, 0.9931040860691297, 0.9974774006945472, -0.06618218373445936, 50.964033378661256, 0.43225585026827523, -0.811951576552501, builtin_interfaces.msg.Time(sec=141, nanosec=501000000), 
-0.060820755718263265, 1.1291667776501004, 1.0252723626109734, 0.992810874457996, -0.0628382615634023, 51.065331896094406, 0.5087285939415007, -0.7477366889418114, builtin_interfaces.msg.Time(sec=141, nanosec=603000000), 
0.011957950141169037, 1.1270419843585264, 1.0102412684323776, 0.9944018045639121, -0.016516674017847996, 51.166930159646455, 0.5781675167211356, -0.676281459279681, builtin_interfaces.msg.Time(sec=141, nanosec=705000000), 
0.06209384382687353, 1.019400895663669, 0.9978779638749048, 0.9970292337284254, 0.03209921579566083, 51.26719019224671, 0.6399483751632564, -0.5981956511195324, builtin_interfaces.msg.Time(sec=141, nanosec=773000000), 
-0.046635229584820914, 1.1069888940263364, 0.9837693796290296, 0.9983805946865474, -0.016552076622425076, 51.366106030174485, 0.693692195803373, -0.5141966094158993, builtin_interfaces.msg.Time(sec=141, nanosec=875000000), 
0.006642076512013777, 1.0681470806673974, 0.9822158608510224, 0.9977576200515551, -0.00221179733347715, 51.46438695539669, 0.7389330739501998, -0.4251698478825384, builtin_interfaces.msg.Time(sec=141, nanosec=977000000), 
-0.016074391223886784, 1.1184952651146234, 0.9842108158939445, 0.9978259803839828, -0.01076724035087544, 51.56273183648405, 0.7752079065005539, -0.3321779536938178, builtin_interfaces.msg.Time(sec=142, nanosec=79000000), 
-0.1136335122032566, 1.1678641515794301, 0.9840905604336526, 0.9969069548944668, -0.07428604617395089, 51.66114548587726, 0.8022336105943508, -0.23593645177308878, builtin_interfaces.msg.Time(sec=142, nanosec=181000000), 
0.14802985717316122, 1.033002308078523, 0.9844116526476332, 0.9974814807031334, 0.06313337239676085, 51.759574386510806, 0.8196088398226443, -0.13765200320781834, builtin_interfaces.msg.Time(sec=142, nanosec=249000000), 
-0.025360173715506924, 1.0740758398005603, 0.98549129654731, 0.9995659961713728, 0.008415416695660288, 51.85808227743815, 0.8272463462186697, -0.038307642589465764, builtin_interfaces.msg.Time(sec=142, nanosec=351000000), 
-0.03257302821883007, 1.06674605490742, 0.9861052378911335, 0.9987072903845418, -0.016924457470734556, 51.95666935075464, 0.825069932570535, 0.06158980510555689, builtin_interfaces.msg.Time(sec=142, nanosec=453000000), 
-0.006099530539881658, 1.1198951890841684, 0.9977020431311017, 0.9962449594886181, -0.010252980922423828, 52.05599659652367, 0.8130783088944298, 0.16067237776336477, builtin_interfaces.msg.Time(sec=142, nanosec=555000000), 
0.19970371893717262, 1.0578906341080538, 1.0028426594977984, 0.9986683986068701, 0.11945706336035719, 52.15608450840055, 0.7913660601178685, 0.2577587076774213, builtin_interfaces.msg.Time(sec=142, nanosec=657000000), 
0.01816107023434199, 1.0636997440936151, 0.9994594356105981, 1.0015326330690626, 0.05675095642402986, 52.25615967961495, 0.7600786342874615, 0.3521915864675596, builtin_interfaces.msg.Time(sec=142, nanosec=759000000), 
0.034072055493595634, 1.0933627556620962, 0.9971936724566753, 1.0011344744957686, 0.042643207026880334, 52.35596559131206, 0.719370453136281, 0.4433336401647087, builtin_interfaces.msg.Time(sec=142, nanosec=861000000), 
0.012279616887001962, 1.0594780579423893, 0.995228727562356, 1.000384847567198, 0.023808042790488586, 52.455563518284656, 0.6697694844872414, 0.5300014677454365, builtin_interfaces.msg.Time(sec=142, nanosec=929000000), 
0.017614232323849947, 1.0604407663142192, 0.9946112006006865, 0.9996831968352807, 0.01993090032879526, 52.55504822577576, 0.611796913965937, 0.6113113119101413, builtin_interfaces.msg.Time(sec=142, nanosec=963000000), 
0.02018847303909659, 1.0917516939880054, 0.9944851729816069, 0.9994241658285656, 0.02005169220147648, 52.65450155690061, 0.5460564589986869, 0.6864396836518294, builtin_interfaces.msg.Time(sec=143, nanosec=65000000), 
0.012329967150009563, 1.1319798317948613, 0.9940207246568104, 0.9992571750925671, 0.015246505051248192, 52.7539213697137, 0.47318833255930515, 0.754665632254542, builtin_interfaces.msg.Time(sec=143, nanosec=99000000), 
0.024931271206793282, 1.0977959573881004, 0.9936850234482986, 0.9992039636454274, 0.02120018760444612, 52.853302694703686, 0.393914878648667, 0.8153152566034908, builtin_interfaces.msg.Time(sec=143, nanosec=133000000), 
-0.01907011167850596, 1.0779184827879358, 0.9934169211444325, 0.9988907350809874, -0.003708674282257428, 52.952654627414894, 0.3089967791142885, 0.8678198382507336, builtin_interfaces.msg.Time(sec=143, nanosec=167000000), 
0.008381207036647464, 1.0638633461278677, 0.9930330649413693, 0.9983841962171088, 0.0037547060042813617, 53.05197259591131, 0.2192691839888042, 0.9116501488458851, builtin_interfaces.msg.Time(sec=143, nanosec=201000000), 
0.004850777331984035, 1.0867067025569617, 0.9926826755603998, 0.998369043665785, 0.004424910068298675, 53.151254247150774, 0.12568311872048474, 0.9463521172445833, builtin_interfaces.msg.Time(sec=143, nanosec=235000000), 
